{"phase1": {"train_loss": [2.4205647627512614, 2.1774090468883514, 2.141342282295227, 2.16446859080617, 2.3567290148103095], "train_acc": [], "val_loss": [2.2317904195477887, 2.056491478796928, 2.0927316834849696, 2.1196096366451633, 4.097690613039078], "val_acc": [0.1622983870967742, 0.21471774193548387, 0.2399193548387097, 0.22681451612903225, 0.13407258064516128]}, "phase2": {"train_loss": [1.94742214850017, 1.731180465883679, 1.6761282652111378, 1.7185727475484212, 1.985687911907832], "train_acc": [], "val_loss": [1.7261280705851894, 1.658315885451532, 1.6676931727317073, 1.6464209402761152, 2.0380251061531807], "val_acc": [0.3649193548387097, 0.37701612903225806, 0.4536290322580645, 0.4254032258064516, 0.34274193548387094]}}