{"phase1": {"train_loss": [0.25407186631233464, 0.05795974512734721, 0.032845348450205016, 0.027318448609402104, 0.019568875942739747, 0.015003281104708872, 0.011434615371868975, 0.009822629579913712, 0.005747040290565741, 0.004476281656553188], "val_loss": [1.3914725184440613, 2.0247995456059775, 2.361630996068319, 2.545632064342499, 2.596888462702433, 2.8230586449305215, 2.9286670287450156, 2.9909964402516684, 3.1769845883051553, 3.3933616081873574], "val_acc": [0.4947916666666667, 0.4947916666666667, 0.4947916666666667, 0.4947916666666667, 0.4947916666666667, 0.4947916666666667, 0.4947916666666667, 0.4947916666666667, 0.4947916666666667, 0.4947916666666667]}}