{"phase1": {"train_loss": [1.771917144930552, 0.5775594562292099, 0.3828219135625745, 0.3037547838433595, 0.29886797797576176], "train_acc": [], "val_loss": [0.7467210963368416, 0.3920558048412204, 0.2906670985976234, 0.2751644852251047, 0.20425123075256124], "val_acc": [0.766, 0.878, 0.916, 0.926, 0.949]}, "phase2": {"train_loss": [0.20471929433815023, 0.1267257933039218, 0.10009305015253493, 0.10423889298574068, 0.12831175549908222], "train_acc": [], "val_loss": [0.13373882230371237, 0.10383735863433685, 0.09521820180816576, 0.1204843342420645, 0.14604247210081667], "val_acc": [0.968, 0.974, 0.974, 0.967, 0.964]}}