{"phase1": {"train_loss": [0.897972639037084, 0.4053870497589719, 0.2618323043696111, 0.21271468755565112, 0.2541650943222302], "train_acc": [], "val_loss": [0.5718178800307214, 0.5177102681482211, 0.17522284024744295, 0.1651383389835246, 0.24071705027017742], "val_acc": [0.813, 0.854, 0.94, 0.949, 0.932]}, "phase2": {"train_loss": [0.2767594775444345, 0.15529754293398768, 0.08818034099450311, 0.07261369937641805, 0.08006074500735849], "train_acc": [], "val_loss": [0.1336089631804498, 0.10179983117268421, 0.10303509255754761, 0.14662897716880252, 0.12927156767182169], "val_acc": [0.957, 0.964, 0.964, 0.954, 0.958]}}