{"phase1": {"train_loss": [0.25994031371608856, 0.06872545885188239, 0.03448032895103097, 0.021234191064205436, 0.017052329234922163, 0.014760108818600496, 0.012406644356683883, 0.01102169361154272, 0.007282101022534028, 0.004094392410304688], "val_loss": [1.203754226366679, 1.6319943865140278, 2.042298217614492, 2.40815269947052, 2.7039878765741983, 2.805622696876526, 2.968111435572306, 3.1401148239771524, 3.5361318588256836, 3.762819012006124], "val_acc": [0.5208333333333334, 0.5208333333333334, 0.5208333333333334, 0.5208333333333334, 0.5208333333333334, 0.5208333333333334, 0.5208333333333334, 0.5208333333333334, 0.5208333333333334, 0.5208333333333334]}}