{"phase1": {"train_loss": [0.5448531095058687, 0.22307924830144452, 0.08855034392927924, 0.049355449996167616, 0.028214220197931413, 0.01355755530417927, 0.008541751870765321, 0.005653406673621747, 0.006156901092899423, 0.016210964475307735], "val_loss": [0.35756223897139233, 0.14758246888717017, 0.12231108111639817, 0.12094163863609235, 0.11607061303220689, 0.11833415389992297, 0.13268036546651274, 0.14651875318183252, 0.11230417325471838, 0.1809410241742929], "val_acc": [0.9270833333333334, 0.953125, 0.953125, 0.953125, 0.9635416666666666, 0.9583333333333334, 0.9583333333333334, 0.9583333333333334, 0.9791666666666666, 0.953125]}}