{"phase1": {"train_loss": [4.100345090031624, 2.4267088055610655, 2.3592391632221363, 2.456723724092756, 2.493241907585235], "train_acc": [], "val_loss": [2.690324977040291, 2.367513671517372, 2.36089014261961, 2.3849373906850815, 2.795011468231678], "val_acc": [0.105, 0.115, 0.115, 0.16, 0.107]}, "phase2": {"train_loss": [2.3071641820542355, 2.341082739830017, 2.044232306098133, 1.85854780737559, 1.9638519062201183], "train_acc": [], "val_loss": [2.329480327665806, 2.3068870082497597, 1.928367007523775, 1.7867421135306358, 1.9093256779015064], "val_acc": [0.128, 0.141, 0.301, 0.352, 0.302]}}