{"phase1": {"train_loss": [2.4043004827839987, 2.2171280145645142, 2.186958782161985, 2.172034421137401, 2.1759365618228914], "train_acc": [], "val_loss": [2.162659691226098, 2.1434241456370198, 2.160258000896823, 2.147584557533264, 2.1125933777901436], "val_acc": [0.1875, 0.18548387096774194, 0.17237903225806453, 0.19858870967741934, 0.1875]}, "phase2": {"train_loss": [2.1688450972239175, 2.1307620922724406, 2.1106772740681965, 2.1407964706420897, 2.1234166542689006], "train_acc": [], "val_loss": [2.129473828500317, 2.07841504773786, 2.1336086219356907, 2.203893699953633, 2.123748763915031], "val_acc": [0.18346774193548387, 0.21673387096774194, 0.19153225806451613, 0.1774193548387097, 0.1905241935483871]}}