{"phase1": {"train_loss": [2.211740554907383, 2.0159810460530796, 1.9569192360609005, 1.8273676160054328, 1.7601308700365899], "train_acc": [], "val_loss": [1.9974750011197981, 2.192326318833136, 2.0169330220068655, 2.8869852096803728, 1.8228968535700152], "val_acc": [0.2752016129032258, 0.3004032258064516, 0.2973790322580645, 0.31149193548387094, 0.3528225806451613]}, "phase2": {"train_loss": [1.7216850824845142, 1.5389669720943158, 1.4410012196271846, 1.3073194989791284, 1.1064474093608367], "train_acc": [], "val_loss": [1.668434996758738, 1.7433000995266823, 1.758783390445094, 1.5967394767269012, 2.0242839628650295], "val_acc": [0.4122983870967742, 0.3850806451612903, 0.38911290322580644, 0.43548387096774194, 0.4254032258064516]}}