{"phase1": {"train_loss": [0.7922259773720395, 0.3360943552445282, 0.27716130866584454, 0.21048183530907738, 0.2019543184306134], "train_acc": [], "val_loss": [0.6470808479934931, 0.3149052853696048, 0.15924219643056858, 0.2791441160370596, 0.1281328223340097], "val_acc": [0.843, 0.909, 0.957, 0.921, 0.961]}, "phase2": {"train_loss": [0.15019210640023997, 0.0843518124695154, 0.07421085014543001, 0.05913753482572576, 0.036086717551138174], "train_acc": [], "val_loss": [0.19410154211800545, 0.14843483697040938, 0.16057553431892302, 0.11176821932895109, 0.11838690649165073], "val_acc": [0.95, 0.961, 0.961, 0.966, 0.972]}}