{"phase1": {"train_loss": [2.164955708958687, 1.923026922645919, 1.8352978131093016, 1.7427523912639793, 1.6951183616568188], "train_acc": [], "val_loss": [1.9370437514397405, 1.831515166067308, 1.8596406713608773, 1.6973865186014483, 1.7016306192644182], "val_acc": [0.2872983870967742, 0.34173387096774194, 0.3689516129032258, 0.3659274193548387, 0.3800403225806452]}, "phase2": {"train_loss": [1.6404216989226963, 1.4182014854057976, 1.2669133556925731, 1.1154036470081494, 1.0368555278881737], "train_acc": [], "val_loss": [1.595990700106467, 1.616166687780811, 1.844132327264355, 2.3482128574002172, 1.8704910701321018], "val_acc": [0.4213709677419355, 0.43548387096774194, 0.4264112903225806, 0.4022177419354839, 0.40423387096774194]}}