{"phase1": {"train_loss": [2.064003381323307, 0.8706872520294595, 0.5288040861487389, 0.41200223533397023, 0.3236382364275608], "train_acc": [], "val_loss": [1.1430004332214594, 0.604441896546632, 0.4387355111539364, 0.3250316734192893, 0.28061612945748493], "val_acc": [0.615, 0.806, 0.862, 0.906, 0.926]}, "phase2": {"train_loss": [0.30127255246043205, 0.18489094824445518, 0.1320784673772075, 0.10613645645789802, 0.07720776186747984], "train_acc": [], "val_loss": [0.21975869312882423, 0.18336643581278622, 0.16224678471917287, 0.08963567006867379, 0.10928318891092204], "val_acc": [0.922, 0.937, 0.947, 0.972, 0.966]}}