{"phase1": {"train_loss": [2.500589955384564, 2.2894204974840475, 2.2172593057155607, 2.24622209553133, 2.319662868976593, 2.202916999594472, 2.156618278947094, 2.1202477100941777, 2.1054039959856072, 2.245239678012731], "train_acc": [], "val_loss": [2.380714274942875, 2.2268147878348827, 2.3360490649938583, 2.1902687549591064, 2.2495420053601265, 2.209507953375578, 2.1188143752515316, 1.9825670346617699, 2.315376091748476, 2.162315644323826], "val_acc": [0.19, 0.186, 0.134, 0.196, 0.155, 0.196, 0.185, 0.247, 0.2, 0.212]}}