{"phase1": {"train_loss": [0.8919472495714823, 0.6955237835645676, 0.4499347984790802, 0.224112955853343, 0.10778334178030491], "val_loss": [0.7131032745043436, 0.737267275651296, 0.9011323750019073, 1.0404172837734222, 1.4730765620867412], "val_acc": [0.4791666666666667, 0.4583333333333333, 0.5052083333333334, 0.5052083333333334, 0.5052083333333334]}, "phase2": {"train_loss": [0.8847312522786004, 0.4482683315873146, 0.14159674974198036, 0.08798633852352698, 0.039485528313865266], "val_loss": [0.6244146823883057, 0.23623471955458322, 0.14114187036951384, 0.12226862367242575, 0.13585022472155592], "val_acc": [0.7604166666666666, 0.9479166666666666, 0.953125, 0.9739583333333334, 0.9635416666666666]}}