{"phase1": {"train_loss": [0.5990381141503652, 0.34939952029122245, 0.2003382361597485, 0.12242289715343052, 0.07015926473670536], "val_loss": [0.7867568731307983, 0.9644143879413605, 1.1031896869341533, 1.4281851251920064, 1.7359691659609477], "val_acc": [0.5, 0.5, 0.5, 0.5, 0.5]}, "phase2": {"train_loss": [1.1155545030321394, 0.6896800285293943, 0.49268777597518193, 0.23105461185886747, 0.10854285937689599], "val_loss": [0.7618559996287028, 0.6003007292747498, 0.2869633634885152, 0.14547622948884964, 0.11117018386721611], "val_acc": [0.5, 0.875, 0.9583333333333334, 0.9583333333333334, 0.953125]}}