{"phase1": {"train_loss": [0.42259083197090275, 0.20030748310847488, 0.14544068191782572, 0.14748734069769598, 0.1483957054672029, 0.18289932977376927, 0.1748823608663737, 0.1984647886947772, 0.2509993773137096, 0.5367298159025451], "train_acc": [], "val_loss": [0.5256810579448938, 0.14238369069062173, 0.15664087457116693, 0.09017037216108292, 0.23062757874140516, 0.14347675716271624, 0.17956299663637765, 0.18739181939599803, 0.08916383273754036, 0.22227924223989248], "val_acc": [0.851, 0.952, 0.961, 0.974, 0.935, 0.95, 0.947, 0.943, 0.975, 0.951]}}