{"phase1": {"train_loss": [2.724587383477584, 2.360462079877439, 2.464087538097216, 2.3555544511131616, 2.267986598222152], "train_acc": [], "val_loss": [2.3503758984227336, 2.3558739846752537, 2.395702338987781, 2.245303246282762, 2.305602042905746], "val_acc": [0.12701612903225806, 0.09879032258064516, 0.08971774193548387, 0.1431451612903226, 0.16431451612903225]}, "phase2": {"train_loss": [2.2502268815259323, 2.283873095424897, 2.24863491255209, 2.2223864935953683, 2.1937730213917725], "train_acc": [], "val_loss": [2.339574375460225, 2.2227556590111024, 2.23085682622848, 2.17972057865512, 2.2371963147194154], "val_acc": [0.11995967741935484, 0.15524193548387097, 0.1693548387096774, 0.1622983870967742, 0.16431451612903225]}}