{"phase1": {"train_loss": [2.163861956647647, 1.9951427098243468, 1.9172203515165596, 1.8551787240530855, 1.797351606430546], "train_acc": [], "val_loss": [2.0512587216592606, 1.9337731753626177, 1.8985202274014872, 1.8662904231779036, 1.7805829586521271], "val_acc": [0.1935483870967742, 0.28024193548387094, 0.28024193548387094, 0.3316532258064516, 0.3659274193548387]}, "phase2": {"train_loss": [1.7292066043423069, 1.645590151509931, 1.5854414393824916, 1.5133017301559448, 1.4599107830755171], "train_acc": [], "val_loss": [1.735318156980699, 1.7365535613029235, 1.6577119327360583, 1.695377069134866, 1.6405240220408286], "val_acc": [0.36794354838709675, 0.38810483870967744, 0.39919354838709675, 0.3870967741935484, 0.3951612903225806]}}