{"phase1": {"train_loss": [2.2467060685157776, 1.3957938738167286, 0.7492691297084093, 0.520748789422214, 0.39531922340393066], "train_acc": [], "val_loss": [1.891473412513733, 0.7502745052333921, 0.47259501507505774, 0.416390411905013, 0.34494470653589815], "val_acc": [0.497, 0.729, 0.844, 0.868, 0.887]}, "phase2": {"train_loss": [0.29554384940862655, 0.19097671339660882, 0.13791403467953206, 0.11070294299721718, 0.0910654227361083], "train_acc": [], "val_loss": [0.19550782721489668, 0.1157438171794638, 0.13763740853755735, 0.13530955370515585, 0.08830073394346982], "val_acc": [0.938, 0.962, 0.955, 0.962, 0.97]}}