{"phase1": {"train_loss": [0.5771303822596868, 0.2974811103194952, 0.14125489816069603, 0.061245177406817675, 0.023000483937335735], "val_loss": [0.7630680600802103, 0.9530225396156311, 1.2741524477799733, 1.6806480884552002, 2.1222612659136453], "val_acc": [0.5260416666666666, 0.5260416666666666, 0.5260416666666666, 0.5260416666666666, 0.5260416666666666]}, "phase2": {"train_loss": [1.121181197166443, 0.617319549433887, 0.30648313409515787, 0.15057941766060662, 0.08915555596883808], "val_loss": [0.676881323258082, 0.42701253294944763, 0.22407070795694986, 0.12350194094081719, 0.09488353567818801], "val_acc": [0.546875, 0.9166666666666666, 0.9114583333333334, 0.96875, 0.9791666666666666]}}