{"phase1": {"train_loss": [2.2240362090449177, 2.0548901000330524, 1.9868352643905147, 1.8924360409859688, 1.8513721016145521], "train_acc": [], "val_loss": [2.0882039300857054, 2.001187136096339, 1.9474910151573919, 1.9569545868904359, 1.8456864895359162], "val_acc": [0.2288306451612903, 0.2560483870967742, 0.2913306451612903, 0.30544354838709675, 0.3477822580645161]}, "phase2": {"train_loss": [1.8114564213701474, 1.6954224340377315, 1.6310563305372834, 1.5554491037963538, 1.4859936557790285], "train_acc": [], "val_loss": [1.772554874420166, 1.7235904278293732, 1.6823845909487816, 1.6636457789328791, 1.6339216193845194], "val_acc": [0.3346774193548387, 0.36189516129032256, 0.3689516129032258, 0.3870967741935484, 0.3971774193548387]}}