{"phase1": {"train_loss": [2.537698682785034, 2.339773364365101, 2.3366584195909907, 2.0367536359204506, 2.02148370460413], "train_acc": [], "val_loss": [2.296613149344921, 2.3392743319272995, 2.1762645356357098, 1.9501874670386314, 2.1280963346362114], "val_acc": [0.174, 0.139, 0.253, 0.293, 0.201]}, "phase2": {"train_loss": [2.0113214664161205, 1.859897854924202, 1.8181661052523919, 1.8449668444338299, 1.808263229752729], "train_acc": [], "val_loss": [1.9871396720409393, 1.8936061821877956, 1.8946569971740246, 1.9763373732566833, 1.9830642491579056], "val_acc": [0.263, 0.294, 0.336, 0.297, 0.289]}}