{"phase1": {"train_loss": [2.8779003214328847, 2.354425609111786, 2.3807885375203965, 2.4510956926345826, 2.364718719482422], "train_acc": [], "val_loss": [2.4362908601760864, 2.3716562688350677, 2.45704498142004, 2.586147055029869, 2.3791333809494972], "val_acc": [0.101, 0.163, 0.1, 0.169, 0.17]}, "phase2": {"train_loss": [2.1770876797762786, 1.9914015889167787, 1.844551358029649, 1.9481141999976275, 1.9048810066425637], "train_acc": [], "val_loss": [2.0056026726961136, 1.918037999421358, 1.7095687501132488, 1.9927189759910107, 1.7939938344061375], "val_acc": [0.276, 0.291, 0.352, 0.293, 0.326]}}