{"phase1": {"train_loss": [2.4990061338131246, 2.333330136336637, 2.2263387483358383, 2.239864487479962, 2.2160869397138008, 2.2698927174011865, 2.3025135850677123, 2.261146509754765, 2.304829689205623, 2.270485428057942], "train_acc": [], "val_loss": [2.2682873818182174, 2.2627488874620005, 2.201301701607243, 2.160761267908158, 2.1566493165108467, 2.1892158446773404, 2.2411979475329, 2.17853884543142, 2.256482139710457, 2.244771134468817], "val_acc": [0.14112903225806453, 0.1532258064516129, 0.1622983870967742, 0.1592741935483871, 0.19455645161290322, 0.17137096774193547, 0.1743951612903226, 0.15826612903225806, 0.12701612903225806, 0.1743951612903226]}}