{"phase1": {"train_loss": [1.4414491117634671, 0.4715022915538321, 0.3067864774865039, 0.24527335519644808, 0.1997906386733372], "train_acc": [], "val_loss": [0.432291217148304, 0.34009552490897477, 0.17411024289322086, 0.16615299272234552, 0.17092985965427943], "val_acc": [0.863, 0.879, 0.945, 0.95, 0.946]}, "phase2": {"train_loss": [0.19433684935349793, 0.10911688195275408, 0.08987932709149188, 0.05121018832165097, 0.0411387181264304], "train_acc": [], "val_loss": [0.12954001358593814, 0.11825890463660471, 0.10180585741909454, 0.12302636091044405, 0.12644298246596009], "val_acc": [0.951, 0.959, 0.965, 0.956, 0.953]}}