{"phase1": {"train_loss": [1.2246800445495767, 0.5465953792134921, 0.5518558279057092, 0.6018781739771366, 0.8154676663652063], "train_acc": [], "val_loss": [1.0508095207624137, 0.7963184237014502, 0.5710808173753321, 0.2667503428820055, 0.291406313481275], "val_acc": [0.742, 0.771, 0.846, 0.922, 0.916]}, "phase2": {"train_loss": [0.18779779004610397, 0.10740974830197436, 0.09300674246120695, 0.19151502930796832, 0.36851887924920396], "train_acc": [], "val_loss": [0.08499866497004405, 0.07135780777025502, 0.07900045435508218, 0.146122165460838, 0.1189919956959784], "val_acc": [0.974, 0.98, 0.973, 0.958, 0.968]}}