{"phase1": {"train_loss": [0.7288908274672555, 0.35156694648580417, 0.3149015097544855, 0.3635648406893015, 0.5087191206527253], "train_acc": [], "val_loss": [0.24424936750438064, 0.1394292080658488, 0.1276069536979776, 0.09938171766407322, 0.24549469315388706], "val_acc": [0.918, 0.955, 0.964, 0.97, 0.932]}, "phase2": {"train_loss": [0.31933332211337984, 0.12969170967116952, 0.07447441748377902, 0.10829165814045284, 0.13242997254045413], "train_acc": [], "val_loss": [0.09006001554371323, 0.07353770421468653, 0.06891617277869955, 0.06824088410940021, 0.12603709881659597], "val_acc": [0.974, 0.979, 0.981, 0.981, 0.96]}}