{"phase1": {"train_loss": [2.1996001261536793, 2.0499092717965444, 1.94964381767686, 1.8787440752983093, 1.8349296884536743], "train_acc": [], "val_loss": [2.0270145362423313, 1.949503179519407, 1.8545138605179325, 1.7512858606153918, 1.7664648409812682], "val_acc": [0.25806451612903225, 0.3215725806451613, 0.32963709677419356, 0.34375, 0.36693548387096775]}, "phase2": {"train_loss": [1.6758956524633593, 1.6013008579611778, 1.5552628426324753, 1.5244002823370049, 1.5331626918401804], "train_acc": [], "val_loss": [1.6703052443842734, 1.6875931639825144, 1.651639292317052, 1.6670104111394575, 1.7126406277379682], "val_acc": [0.3951612903225806, 0.3961693548387097, 0.4173387096774194, 0.42439516129032256, 0.39213709677419356]}}