{"phase1": {"train_loss": [1.3180105233734305, 0.4377951844994511, 0.3082062768170962, 0.24837631041866612, 0.2422436436440689], "train_acc": [], "val_loss": [0.6494782227091491, 0.3487695164512843, 0.29476699864608236, 0.31900345062604174, 0.19776768361361974], "val_acc": [0.825, 0.907, 0.928, 0.929, 0.958]}, "phase2": {"train_loss": [0.17583969764986096, 0.07603874251944945, 0.053481736829757834, 0.04418502065184293, 0.1054516831784058], "train_acc": [], "val_loss": [0.12092537012358662, 0.11826395286698244, 0.1093065415861929, 0.12462147970290971, 0.12492946755082812], "val_acc": [0.965, 0.959, 0.961, 0.965, 0.958]}}