{"phase1": {"train_loss": [2.1486750383377076, 1.9886667460203171, 1.8746064293952216, 1.804510819124388, 1.7797107229361664], "train_acc": [], "val_loss": [2.0008372645224295, 1.9007600930429274, 1.775541647788017, 1.7439321125707319, 1.7290331086804789], "val_acc": [0.29536290322580644, 0.3084677419354839, 0.3649193548387097, 0.37600806451612906, 0.40524193548387094]}, "phase2": {"train_loss": [1.66409812050481, 1.5831210285425186, 1.5354469578999739, 1.5004020455371903, 1.507752486381186], "train_acc": [], "val_loss": [1.630606432114878, 1.6012048644404258, 1.5958046105600172, 1.613526132798964, 1.702492613946238], "val_acc": [0.4254032258064516, 0.42439516129032256, 0.4254032258064516, 0.4183467741935484, 0.3850806451612903]}}