{"phase1": {"train_loss": [2.2588850467101387, 2.1237289179926333, 2.0386770989583884, 1.9989665383877961, 1.9585054620452549], "train_acc": [], "val_loss": [2.153645815387849, 2.0414519502270605, 2.0517334438139394, 1.970654845237732, 1.9452707613668134], "val_acc": [0.1875, 0.23790322580645162, 0.2530241935483871, 0.27923387096774194, 0.2973790322580645]}, "phase2": {"train_loss": [1.8597810312148628, 1.7375267492521793, 1.6646370515910858, 1.5965790398623965, 1.5349300170163496], "train_acc": [], "val_loss": [1.7577510841431156, 1.655977568318767, 1.656933238429408, 1.5840307012681039, 1.5649033515684065], "val_acc": [0.3558467741935484, 0.40423387096774194, 0.39213709677419356, 0.42439516129032256, 0.4334677419354839]}}