{"phase1": {"train_loss": [1.7335052192211151, 0.9673139333724976, 0.8788802414028732, 0.8932634762355259, 1.1827021805303437], "train_acc": [], "val_loss": [1.2951197735965252, 0.44228600198403, 0.9556807652115822, 1.0503923315554857, 0.760808281134814], "val_acc": [0.636, 0.849, 0.694, 0.746, 0.796]}, "phase2": {"train_loss": [0.28670815457689003, 0.15275600184686483, 0.16433491742529194, 0.26027449728176, 0.409251863755829], "train_acc": [], "val_loss": [0.09455262628034689, 0.1401780518644955, 0.09177514797192998, 0.1309732189620263, 0.2567742073733825], "val_acc": [0.967, 0.963, 0.978, 0.964, 0.919]}}