{"phase1": {"train_loss": [2.4761270702264873, 2.317311493378112, 2.1179366916418076, 1.8019251666570966, 1.6566186260544893, 1.527962960183811, 1.5059230346187984, 1.4397101862181862, 1.5454402856832499, 1.7062454715585667], "train_acc": [], "val_loss": [2.410489857196808, 2.214209444820881, 1.85857754945755, 1.6988079510629177, 1.6108854375779629, 1.4397785440087318, 1.330646401271224, 1.55753830447793, 1.3810764960944653, 1.87410544231534], "val_acc": [0.142, 0.207, 0.341, 0.384, 0.419, 0.51, 0.538, 0.423, 0.497, 0.351]}}