{"phase1": {"train_loss": [0.2247626730799675, 0.0833974076807499, 0.036203147321939466, 0.02611183812841773, 0.02035400852560997], "val_loss": [1.1044727166493733, 1.686536431312561, 2.247410754362742, 2.5203102827072144, 2.5766630371411643], "val_acc": [0.5260416666666666, 0.5260416666666666, 0.5260416666666666, 0.5260416666666666, 0.5260416666666666]}, "phase2": {"train_loss": [2.032439430554708, 1.1909452776114147, 0.7105330129464468, 0.6551555196444193, 0.6108211179574331], "val_loss": [1.381227860848109, 0.7924059430758158, 0.6361633042494456, 0.6403581897417704, 0.5832761228084564], "val_acc": [0.5260416666666666, 0.5260416666666666, 0.7552083333333334, 0.6197916666666666, 0.7604166666666666]}}