{"phase1": {"train_loss": [2.6634964528291123, 2.2559181690216064, 2.2176594764758377, 2.282412607192993, 2.2995478444099424], "train_acc": [], "val_loss": [2.283534703716155, 2.2769435221149075, 2.2884703605405745, 2.2236372886165494, 2.259837296701247], "val_acc": [0.1381048387096774, 0.13205645161290322, 0.19959677419354838, 0.2056451612903226, 0.1814516129032258]}, "phase2": {"train_loss": [2.157732905597862, 2.092489662340709, 2.0884643346071243, 2.165072188754262, 2.1425373897748785], "train_acc": [], "val_loss": [2.1497276829135035, 2.0936097714208786, 2.149859805260935, 2.1480832676733694, 2.0971095254344325], "val_acc": [0.17641129032258066, 0.22278225806451613, 0.18346774193548387, 0.14717741935483872, 0.18850806451612903]}}