{"phase1": {"train_loss": [0.5855274902236077, 0.2528719676392419, 0.10005244766362012, 0.052804071311321525, 0.022712171668759905, 0.013552177903963434, 0.013046008163042008, 0.014590886829479656, 0.017493369293761024, 0.008380228367056586], "val_loss": [0.43947655459245044, 0.24366740385691324, 0.19064896553754807, 0.19068745151162148, 0.2294536456465721, 0.2674012742936611, 0.19186278122166792, 0.21671550441533327, 0.33103880534569424, 0.27455541243155795], "val_acc": [0.8802083333333334, 0.9270833333333334, 0.9427083333333334, 0.9479166666666666, 0.9427083333333334, 0.9427083333333334, 0.953125, 0.953125, 0.9270833333333334, 0.9427083333333334]}}