{"phase1": {"train_loss": [2.078272597147868, 1.8498689585771315, 1.6940133212468562, 1.6056913068661323, 1.5316225030483344, 1.4745041139614887, 1.4143563096339886, 1.3741702888256464, 1.3348291145685391, 1.2855185919847243], "train_acc": [], "val_loss": [1.9512025040964927, 1.8024072954731603, 1.680110804496273, 1.6741903135853429, 1.6543178750622658, 1.6160227560227918, 1.5684828565966698, 1.5815652762689898, 1.5361269058719758, 1.5211732118360457], "val_acc": [0.26310483870967744, 0.3346774193548387, 0.38911290322580644, 0.3870967741935484, 0.38911290322580644, 0.41431451612903225, 0.4324596774193548, 0.4264112903225806, 0.4475806451612903, 0.46673387096774194]}}