{"phase1": {"train_loss": [2.30283015813583, 2.1574236234922086, 2.1303261584043502, 2.1652649541258286, 2.1418124110979724, 2.137642414141924, 2.1197578766598153, 2.1015527725219725, 2.1507008970141555, 2.1358070257975132], "train_acc": [], "val_loss": [2.314578156317434, 2.145634628111316, 2.1812752139183784, 2.1607535500680246, 2.17488569213498, 2.091196221690024, 2.15616084683326, 2.1464936117972098, 2.137549411865973, 2.1044143553703063], "val_acc": [0.14717741935483872, 0.19455645161290322, 0.20766129032258066, 0.1592741935483871, 0.1814516129032258, 0.23084677419354838, 0.1774193548387097, 0.17943548387096775, 0.18245967741935484, 0.18548387096774194]}}