{"phase1": {"train_loss": [2.9076402648802726, 2.2974642246000228, 2.2186523714373187, 2.1762887008728518, 2.1927286924854403], "train_acc": [], "val_loss": [2.3429919519732074, 2.244857495830905, 2.1815381819202053, 2.1432286731658445, 2.113159914170542], "val_acc": [0.12399193548387097, 0.1814516129032258, 0.1743951612903226, 0.1875, 0.19556451612903225]}, "phase2": {"train_loss": [2.157217607498169, 2.136213815689087, 2.1469904985427855, 2.0995921335220338, 2.1137923822402955], "train_acc": [], "val_loss": [2.0679256108499344, 2.101587314759531, 2.1000416086566065, 2.026437032607294, 2.070973907747576], "val_acc": [0.19556451612903225, 0.2157258064516129, 0.16129032258064516, 0.22782258064516128, 0.18850806451612903]}}