{"phase1": {"train_loss": [2.3750714197158813, 2.1991132411956786, 2.1840732374191285, 2.182677785873413, 2.1409039001464842], "train_acc": [], "val_loss": [2.1060905725725236, 2.0741609681037163, 2.1621442956309163, 2.0443797803694204, 2.1398162918706096], "val_acc": [0.1875, 0.20967741935483872, 0.1875, 0.1975806451612903, 0.17540322580645162]}, "phase2": {"train_loss": [2.178754445045225, 2.1297972894484, 2.0857912917290964, 2.136392128083014, 2.096265827455828], "train_acc": [], "val_loss": [2.1730580906714163, 2.072882236972932, 2.1848758382181965, 2.112841087002908, 2.0515366754224225], "val_acc": [0.20967741935483872, 0.21169354838709678, 0.18245967741935484, 0.19858870967741934, 0.21068548387096775]}}