{"phase1": {"train_loss": [0.7544859175682068, 0.37940422758692877, 0.3718654012298697, 0.40329572348437176, 0.5327713509897298], "train_acc": [], "val_loss": [0.35961570916697383, 0.17099909392709378, 0.36700486252084374, 0.1837109433254227, 0.21550832816865295], "val_acc": [0.898, 0.946, 0.899, 0.944, 0.937]}, "phase2": {"train_loss": [0.1579676765250042, 0.09371329280547798, 0.06988621134978701, 0.09615748269355945, 0.21056504167956552], "train_acc": [], "val_loss": [0.11394736915826797, 0.09968893576296978, 0.08827692359045614, 0.0986027346989431, 0.22235333255957812], "val_acc": [0.969, 0.972, 0.974, 0.967, 0.937]}}