{"phase1": {"train_loss": [0.6493960507451348, 0.2985421188628332, 0.2433328125393018, 0.23961967656290845, 0.2452254164046749, 0.25502635197589, 0.2704598458513966, 0.27185041813737637, 0.3350385583860256, 0.580866670084449], "train_acc": [], "val_loss": [0.16152985988082946, 0.1754443121899385, 0.1343310111842584, 0.08211437803765875, 0.11904758460968878, 0.13825803439249285, 0.1457315175794065, 0.09037437399456394, 0.10400307233794592, 0.1141076329331554], "val_acc": [0.951, 0.947, 0.965, 0.972, 0.97, 0.957, 0.963, 0.983, 0.968, 0.968]}}