{"phase1": {"train_loss": [0.4943296015262604, 0.14486539363861084, 0.03534400602802634, 0.016863169638311554, 0.01193808388378439], "val_loss": [0.8651705880959829, 1.553104301293691, 2.110304832458496, 2.628232181072235, 3.2282851537068686], "val_acc": [0.5052083333333334, 0.5052083333333334, 0.5052083333333334, 0.5052083333333334, 0.5052083333333334]}, "phase2": {"train_loss": [1.9729705188009474, 0.7217324127753576, 0.5839631179968516, 0.32497341960668563, 0.222938167527318], "val_loss": [0.6833639939626058, 0.666478306055069, 0.5459414372841517, 0.4674878219763438, 0.26283109188079834], "val_acc": [0.5729166666666666, 0.5833333333333334, 0.7604166666666666, 0.8177083333333334, 0.9114583333333334]}}