{"phase1": {"train_loss": [0.9883718116888924, 0.414528004706852, 0.2671781411128385, 0.2504342212267811, 0.19770030139221084], "train_acc": [], "val_loss": [0.41093521064613014, 0.5545862622093409, 0.5426612650044262, 0.17141131464450154, 0.1604564607841894], "val_acc": [0.874, 0.85, 0.851, 0.948, 0.959]}, "phase2": {"train_loss": [0.2144407753713746, 0.12467209536067032, 0.09596489204658552, 0.08198475890961338, 0.07078945267192543], "train_acc": [], "val_loss": [0.16299791651545092, 0.21067959241918288, 0.12516902666538954, 0.1030356065457454, 0.16643054177984595], "val_acc": [0.955, 0.949, 0.965, 0.973, 0.956]}}