{"phase1": {"train_loss": [2.3862594558346655, 2.1309031055819605, 2.043024113101344, 2.008950433423442, 1.8930967200186946], "train_acc": [], "val_loss": [2.0581623238901936, 1.9424842788327126, 1.891675341513849, 1.8088396979916481, 2.2852715215375348], "val_acc": [0.22580645161290322, 0.28225806451612906, 0.31451612903225806, 0.32661290322580644, 0.26814516129032256]}, "phase2": {"train_loss": [1.7649997701644897, 1.5589098358154296, 1.418357241630554, 1.2957120471000672, 1.1633058910369873], "train_acc": [], "val_loss": [1.8347569050327424, 1.4834979464930873, 1.4572147092511576, 1.493807311980955, 1.4289498675254084], "val_acc": [0.3709677419354839, 0.4465725806451613, 0.44455645161290325, 0.4344758064516129, 0.47580645161290325]}}