{"phase1": {"train_loss": [0.7501695802265947, 0.34892600838627136, 0.3624209254678037, 0.3837609487451766, 0.54154793026519], "train_acc": [], "val_loss": [0.40448591904714704, 0.24059710541041568, 0.5965735732570465, 0.1895814520539716, 0.32105596410110593], "val_acc": [0.881, 0.924, 0.865, 0.952, 0.92]}, "phase2": {"train_loss": [0.20215798024722237, 0.09193651129025966, 0.0788288895258845, 0.06474989279638976, 0.2259485774382483], "train_acc": [], "val_loss": [0.12152522164979018, 0.10300147108500823, 0.1037036008638097, 0.08425334040657617, 0.18839260656386614], "val_acc": [0.963, 0.969, 0.968, 0.975, 0.95]}}