{"phase1": {"train_loss": [2.211282198245709, 2.075088829566271, 2.00376004133469, 1.9380513093410394, 1.8955716979809296], "train_acc": [], "val_loss": [2.085691202071405, 1.9981218730249712, 1.910624465634746, 1.8750553015739686, 1.8149060895366054], "val_acc": [0.22681451612903225, 0.2550403225806452, 0.30443548387096775, 0.33568548387096775, 0.33568548387096775]}, "phase2": {"train_loss": [1.8161111611586351, 1.735440614895943, 1.6842415791291456, 1.629916183459453, 1.5639598736396203], "train_acc": [], "val_loss": [1.7731033102158578, 1.7602120099529144, 1.7799514109088528, 1.6691096482738372, 1.647618055343628], "val_acc": [0.35786290322580644, 0.3629032258064516, 0.3538306451612903, 0.3810483870967742, 0.4183467741935484]}}