{"phase1": {"train_loss": [1.6390267685998845, 0.5843668600803689, 0.38983605952957007, 0.28614318203416805, 0.2584363100048202], "train_acc": [], "val_loss": [0.8356511490419507, 0.4257764264475554, 0.2808812933508307, 0.22857808801927604, 0.19522622376098298], "val_acc": [0.759, 0.87, 0.928, 0.937, 0.945]}, "phase2": {"train_loss": [0.2083158984167289, 0.11819323352714882, 0.08957856227761676, 0.07694850447646613, 0.05362260827641416], "train_acc": [], "val_loss": [0.17120263975812122, 0.1446489697409561, 0.12033735401928425, 0.13087152381194755, 0.15759800111118238], "val_acc": [0.943, 0.954, 0.96, 0.962, 0.951]}}