{"phase1": {"train_loss": [2.5134931749598994, 2.3102286074571547, 2.3203265818820635, 2.2825942601367926, 2.218456951675901, 2.1556382976519832, 2.062978299560061, 2.014231535279827, 1.9632193601814805, 1.9320822574530438], "train_acc": [], "val_loss": [2.3732425943017006, 2.3390412852168083, 2.2873820811510086, 2.1945581883192062, 2.1829960830509663, 2.0576998591423035, 2.002096127718687, 1.8835810236632824, 1.8292144946753979, 1.8026595935225487], "val_acc": [0.108, 0.163, 0.157, 0.187, 0.206, 0.239, 0.248, 0.296, 0.34, 0.344]}}