{"phase1": {"train_loss": [0.935399593808983, 0.4646219396404922, 0.4378936126489531, 0.4570973533914206, 0.6450183354340476], "train_acc": [], "val_loss": [1.0002472940832376, 0.30241807497804984, 0.31867397553287446, 0.26787675463128835, 0.28350456594489515], "val_acc": [0.739, 0.912, 0.918, 0.932, 0.923]}, "phase2": {"train_loss": [0.17752536622029316, 0.10147119068540633, 0.09124922797711792, 0.14142518877341417, 0.33419300116848744], "train_acc": [], "val_loss": [0.10094865883002058, 0.08749697412713431, 0.09382323556928895, 0.08747367133037187, 0.14552277303300798], "val_acc": [0.974, 0.973, 0.977, 0.971, 0.963]}}