{"phase1": {"train_loss": [2.6587436535419564, 2.2686301439236374, 2.236718773841858, 2.228066983895424, 2.2055141635430164], "train_acc": [], "val_loss": [2.2491088759514595, 2.241119377074703, 2.223155629250311, 2.1594172370049263, 2.1256333281916957], "val_acc": [0.1622983870967742, 0.15120967741935484, 0.15826612903225806, 0.1935483870967742, 0.18245967741935484]}, "phase2": {"train_loss": [2.1430489008243265, 2.100855052471161, 2.1021716747528467, 2.0783900083639684, 2.084718624750773], "train_acc": [], "val_loss": [2.076765195015938, 2.068350999586044, 2.0367326967177855, 2.0683800328162407, 2.0945975588214014], "val_acc": [0.22983870967741934, 0.1975806451612903, 0.23588709677419356, 0.24092741935483872, 0.24092741935483872]}}