{"phase1": {"train_loss": [2.4390505154927573, 2.230713809147859, 2.3158340759766407, 2.2677781994526205, 2.205499903513835, 2.2342875378254132, 2.299730453735743, 2.3075898106281576, 2.255885607156998, 2.233472474110432], "train_acc": [], "val_loss": [2.207891606515454, 2.377710726953322, 2.224120939931562, 2.1144782112490748, 2.367179678332421, 2.123042521938201, 2.3800469367734847, 2.2608182430267334, 2.246791024361887, 2.23301560648026], "val_acc": [0.17641129032258066, 0.10887096774193548, 0.19153225806451613, 0.2006048387096774, 0.09778225806451613, 0.16834677419354838, 0.12096774193548387, 0.1381048387096774, 0.11693548387096774, 0.15725806451612903]}}