{"phase1": {"train_loss": [0.2767065295577049, 0.040514342341339216, 0.01593292768423756, 0.01195705708144515, 0.010448186208416982], "val_loss": [1.2400436004002888, 2.0225403904914856, 2.38570108016332, 2.6225696802139282, 2.9534002542495728], "val_acc": [0.5520833333333334, 0.5520833333333334, 0.5520833333333334, 0.5520833333333334, 0.5520833333333334]}, "phase2": {"train_loss": [2.5317800045013428, 0.7689035907387733, 0.6958572268486023, 0.67682402767241, 0.5099623636765913], "val_loss": [0.8467541535695394, 0.7566670974095663, 0.7599808573722839, 0.6347455382347107, 0.3293304294347763], "val_acc": [0.5520833333333334, 0.4479166666666667, 0.4479166666666667, 0.6927083333333334, 0.875]}}