{"phase1": {"train_loss": [2.279655694961548, 2.129888781905174, 2.040986079436082, 1.9959888386439129, 1.9653802241187497], "train_acc": [], "val_loss": [2.2331129350969867, 2.15244435879492, 2.1012497255879063, 2.0331703924363658, 2.0206379121349705], "val_acc": [0.13709677419354838, 0.18850806451612903, 0.2086693548387097, 0.2762096774193548, 0.28830645161290325]}, "phase2": {"train_loss": [1.8614322776794434, 1.7566779419779777, 1.665921243599483, 1.618209119136627, 1.6002294573339972], "train_acc": [], "val_loss": [1.7906386121626823, 1.7594343346934165, 1.6665087938308716, 1.6120000577742053, 1.5726501903226298], "val_acc": [0.3538306451612903, 0.35786290322580644, 0.37600806451612906, 0.40625, 0.45564516129032256]}}