{"phase1": {"train_loss": [2.306792068481445, 2.2759761810302734, 2.1593084106078515, 2.1013866750205437, 2.0676356898732933], "train_acc": [], "val_loss": [2.301647417006954, 2.2182553506666616, 2.0932743510892315, 2.071434078678008, 2.073204113591102], "val_acc": [0.08770161290322581, 0.19657258064516128, 0.22379032258064516, 0.2247983870967742, 0.24092741935483872]}, "phase2": {"train_loss": [1.9891038400786263, 1.8407532162136502, 1.7206662974115146, 1.6421807249387106, 1.5839641238848368], "train_acc": [], "val_loss": [1.876144793725783, 1.7674084709536644, 1.68650189522774, 1.6466165973294167, 1.620119894704511], "val_acc": [0.29838709677419356, 0.3719758064516129, 0.37399193548387094, 0.4112903225806452, 0.4163306451612903]}}