{"phase1": {"train_loss": [2.45384847356918, 2.3324770014336766, 2.289064581512559, 2.274325115460876, 2.1195264234610485], "train_acc": [], "val_loss": [2.3291367813944817, 2.270496502518654, 2.3520608097314835, 2.244586855173111, 2.0440104603767395], "val_acc": [0.158, 0.205, 0.145, 0.177, 0.228]}, "phase2": {"train_loss": [2.0675691664218903, 2.0397902205586433, 1.978002943098545, 1.9263941645622253, 1.9260756969451904], "train_acc": [], "val_loss": [2.0116673335433006, 1.992485411465168, 1.9452407397329807, 1.9692706800997257, 2.0024784319102764], "val_acc": [0.254, 0.242, 0.283, 0.284, 0.239]}}