{"phase1": {"train_loss": [1.9129301011562347, 1.6287773479236645, 1.509839849472046, 1.4223128914307919, 1.3389989561454425, 1.308964260113545, 1.3338377803134231, 1.3609373371343354, 1.4995976527627348, 2.2058324683256365], "train_acc": [], "val_loss": [1.8308315238644999, 1.5927341445799796, 1.9993123777451054, 1.6012592431037658, 1.4403546164112706, 1.4868512730444632, 1.5105563594448952, 1.4123670631839382, 1.6029585561444681, 1.9015400371243876], "val_acc": [0.33064516129032256, 0.4425403225806452, 0.38911290322580644, 0.4737903225806452, 0.4939516129032258, 0.47681451612903225, 0.46975806451612906, 0.5262096774193549, 0.4647177419354839, 0.3286290322580645]}}