{"phase1": {"train_loss": [2.27984700254772, 2.039224422496298, 1.987855120845463, 1.9201828863309778, 1.8472696439079617], "train_acc": [], "val_loss": [2.0063208879963046, 1.9122105260049143, 1.8591115782337804, 1.9442295605136501, 1.7465926562586138], "val_acc": [0.2872983870967742, 0.3084677419354839, 0.3276209677419355, 0.3245967741935484, 0.3689516129032258]}, "phase2": {"train_loss": [1.7624570273478097, 1.5624196080986512, 1.4587059119425783, 1.3203767860701325, 1.2080315963937602], "train_acc": [], "val_loss": [1.5832168402210358, 1.6369616754593388, 1.531357188378611, 1.6842594838911487, 1.6724273120203326], "val_acc": [0.42036290322580644, 0.42439516129032256, 0.4536290322580645, 0.43044354838709675, 0.4435483870967742]}}