{"phase1": {"train_loss": [0.507682686760312, 0.16763063342798323, 0.05016239546239376, 0.018671706407552675, 0.018409084528684616], "val_loss": [0.8959701458613077, 1.4537535707155864, 2.048809806505839, 2.3568487564722695, 2.5455995202064514], "val_acc": [0.484375, 0.484375, 0.484375, 0.484375, 0.484375]}, "phase2": {"train_loss": [1.6237162616517808, 0.6557446718215942, 0.5861885050932566, 0.46411189436912537, 0.3431441949473487], "val_loss": [0.6526935994625092, 0.6540467242399851, 0.527616024017334, 0.4075698107481003, 0.3347340722878774], "val_acc": [0.65625, 0.53125, 0.890625, 0.9166666666666666, 0.9114583333333334]}}