{"phase1": {"train_loss": [2.1517497787475586, 1.964522012323141, 1.9282192417553492, 1.9644315976638336, 2.135122092099519], "train_acc": [], "val_loss": [1.8438241289507957, 1.8388362430757093, 1.9339304700974496, 1.9461224463678175, 1.8789171711091073], "val_acc": [0.32661290322580644, 0.3185483870967742, 0.3336693548387097, 0.3225806451612903, 0.32963709677419356]}, "phase2": {"train_loss": [1.7845874524885608, 1.683952307701111, 1.6106804655148432, 1.6328018228691745, 1.8706860750554555], "train_acc": [], "val_loss": [1.777782690140509, 1.704773618328956, 1.6629973649978638, 1.7607923246199084, 2.02857546652517], "val_acc": [0.3377016129032258, 0.35080645161290325, 0.3538306451612903, 0.3336693548387097, 0.3286290322580645]}}