{"phase1": {"train_loss": [2.343094828336135, 2.1473341087500253, 2.108476221561432, 2.178094534873962, 2.3492758054733276], "train_acc": [], "val_loss": [2.048008518834268, 1.919766649123161, 1.8803434295039023, 2.1815467995982014, 2.619531031577818], "val_acc": [0.24899193548387097, 0.2852822580645161, 0.3004032258064516, 0.2772177419354839, 0.22681451612903225]}, "phase2": {"train_loss": [1.9359541748641829, 1.7477755546569824, 1.7025205402270607, 1.7610047998297256, 1.9852243230436923], "train_acc": [], "val_loss": [1.7985519401488765, 1.6606283110956992, 1.7639800194771058, 1.6724362757898146, 1.7494360862239715], "val_acc": [0.34274193548387094, 0.4032258064516129, 0.3719758064516129, 0.3800403225806452, 0.34475806451612906]}}