{"phase1": {"train_loss": [1.4082763250917196, 0.7208642326295376, 0.5919748640285348, 0.6450619036331773, 0.9345707463513234], "train_acc": [], "val_loss": [0.8179995508398861, 0.8203820046037436, 0.43545536464080215, 0.34379679313860834, 0.2195847976836376], "val_acc": [0.738, 0.776, 0.888, 0.896, 0.941]}, "phase2": {"train_loss": [0.17763303463160993, 0.09965281009208411, 0.1289979618592232, 0.1803485565668273, 0.41433814044858885], "train_acc": [], "val_loss": [0.07750170796498423, 0.09799318970544846, 0.11521344631910324, 0.13886244519380853, 0.11371931646135636], "val_acc": [0.98, 0.97, 0.965, 0.952, 0.963]}}