{"phase1": {"train_loss": [1.3545781020075083, 0.6719159041531384, 0.4032337183598429, 0.32695698202587664, 0.26619041175581515], "train_acc": [], "val_loss": [1.4644494913518429, 0.9248339302721433, 0.6320630686823279, 0.5365912229754031, 0.5277791521257313], "val_acc": [0.603, 0.77, 0.829, 0.854, 0.86]}, "phase2": {"train_loss": [0.2319302329570055, 0.14293808917328715, 0.10390241668000817, 0.0937374990126118, 0.08848787581920624], "train_acc": [], "val_loss": [0.1650323865469545, 0.139640146138845, 0.14334832434542477, 0.17855319509544643, 0.16609590851294342], "val_acc": [0.951, 0.953, 0.957, 0.95, 0.944]}}