{"phase1": {"train_loss": [1.135905826979495, 0.5189157473914167, 0.3651660661748115, 0.2968823561801555, 0.28442077338695526], "train_acc": [], "val_loss": [0.6505013703135774, 0.6911564348265529, 0.33142376702744514, 0.23846963047981262, 0.24520191276678815], "val_acc": [0.818, 0.818, 0.894, 0.936, 0.932]}, "phase2": {"train_loss": [0.1843153041364117, 0.1278610361274332, 0.09536668864840811, 0.08167799800338055, 0.05886484348977154], "train_acc": [], "val_loss": [0.12560943924472667, 0.08502794189553242, 0.15148883842630312, 0.0811858908055001, 0.13997608606587164], "val_acc": [0.961, 0.972, 0.958, 0.972, 0.959]}}