{"phase1": {"train_loss": [2.821748134937692, 2.3731693054767367, 2.339094598242577, 2.349271814873878, 2.357415757280715], "train_acc": [], "val_loss": [2.343619778752327, 2.410456456243992, 2.348142445087433, 2.308966040611267, 2.38512409478426], "val_acc": [0.096, 0.096, 0.118, 0.105, 0.187]}, "phase2": {"train_loss": [2.278382158279419, 2.1508214885538273, 1.9947754534808073, 1.8481095812537454, 1.6822592735290527], "train_acc": [], "val_loss": [2.131773166358471, 2.1157787777483463, 1.8374144285917282, 1.8670380301773548, 1.7323313541710377], "val_acc": [0.236, 0.228, 0.288, 0.277, 0.361]}}