{"phase1": {"train_loss": [1.0954705299275695, 0.3313686658508618, 0.22658232897054403, 0.18375810854169622, 0.15668064749898444, 0.13947327543472568, 0.14311294551666298, 0.1367145117560507, 0.13560200513853374, 0.15831772236144231], "train_acc": [], "val_loss": [0.37706283084116876, 0.19270215288270265, 0.1165159878146369, 0.10898729489417747, 0.10571700668333506, 0.1019254523462223, 0.1280173562699929, 0.18852059221535455, 0.09088971564597159, 0.12775383774970805], "val_acc": [0.886, 0.932, 0.965, 0.971, 0.974, 0.973, 0.971, 0.963, 0.968, 0.973]}}