{"phase1": {"train_loss": [2.2713806321544032, 2.0373118654374154, 1.9264522271771585, 1.8635246292237313, 1.812382907636704], "train_acc": [], "val_loss": [1.9215823796487623, 1.9098110429702266, 1.820692619969768, 1.7393998330639255, 1.7191235903770692], "val_acc": [0.2852822580645161, 0.27923387096774194, 0.3407258064516129, 0.36189516129032256, 0.36088709677419356]}, "phase2": {"train_loss": [1.7155324002747894, 1.521494278343775, 1.3895534616644665, 1.260547295052518, 1.155205253631838], "train_acc": [], "val_loss": [1.6212523291187901, 1.568646780906185, 1.644367483354384, 1.6893332158365557, 1.6995078171453168], "val_acc": [0.40524193548387094, 0.4274193548387097, 0.41935483870967744, 0.38911290322580644, 0.4485887096774194]}}