{"phase1": {"train_loss": [3.1686879619956017, 2.3572927713394165, 2.334906257688999, 2.458062171936035, 2.45267017185688], "train_acc": [], "val_loss": [2.3601548969745636, 2.3826562464237213, 2.3099317774176598, 2.5417454689741135, 2.4353092238307], "val_acc": [0.122, 0.138, 0.15, 0.095, 0.109]}, "phase2": {"train_loss": [2.3831141719818114, 2.3420992584228517, 2.319926344871521, 2.1721621103286743, 2.10234876537323], "train_acc": [], "val_loss": [2.3376365303993225, 2.2858115136623383, 2.365614175796509, 1.9381729401648045, 2.2163484543561935], "val_acc": [0.124, 0.135, 0.144, 0.287, 0.199]}}