{"phase1": {"train_loss": [0.6057060241699219, 0.12428275123238564, 0.03664626814424991, 0.016422859641412893, 0.010493086030085882], "val_loss": [0.8023870786031088, 1.1978731056054432, 1.547906180222829, 1.7427616318066914, 1.876745621363322], "val_acc": [0.6302083333333334, 0.6302083333333334, 0.6302083333333334, 0.6302083333333334, 0.6302083333333334]}, "phase2": {"train_loss": [1.5437809189160665, 0.6965465466181437, 0.6663871010144552, 0.5466090301672618, 0.33866676191488904], "val_loss": [0.6437988976637522, 0.685812254746755, 0.637352873881658, 0.43667130172252655, 0.24444263925155005], "val_acc": [0.6302083333333334, 0.515625, 0.6041666666666666, 0.9010416666666666, 0.9635416666666666]}}