{"phase1": {"train_loss": [0.7752448142843044, 0.43108450453728436, 0.3451405768341656, 0.45981921871006487, 0.618445446498692], "train_acc": [], "val_loss": [0.38479731790721416, 0.2640121120493859, 0.24620903853792697, 0.1771966627566144, 0.13700103317387402], "val_acc": [0.904, 0.922, 0.933, 0.952, 0.958]}, "phase2": {"train_loss": [0.194944133597707, 0.10365974003216252, 0.0922074510171166, 0.14148410300523445, 0.3167073964796581], "train_acc": [], "val_loss": [0.08858789969235659, 0.07788755030196626, 0.10879765404388309, 0.08941423110081814, 0.2203767909668386], "val_acc": [0.973, 0.975, 0.963, 0.972, 0.938]}}