{"phase1": {"train_loss": [2.7121296894701223, 2.3755117297172545, 2.418147374283184, 2.3759100961913333, 2.4278575036165524], "train_acc": [], "val_loss": [2.4617266580462456, 2.3205181658267975, 2.4245247840881348, 2.4274992495775223, 2.336077369749546], "val_acc": [0.096, 0.096, 0.103, 0.131, 0.108]}, "phase2": {"train_loss": [2.2798483582991587, 2.2798090314865114, 2.2816608584288396, 2.2555840123783457, 2.2719074739254923], "train_acc": [], "val_loss": [2.240657314658165, 2.2736897990107536, 2.2836202681064606, 2.210230603814125, 2.1818593740463257], "val_acc": [0.179, 0.171, 0.159, 0.199, 0.188]}}