{"phase1": {"train_loss": [2.5512253631245008, 2.3500368799482074, 2.329001760482788, 2.120963255428288, 1.9916519137890372], "train_acc": [], "val_loss": [2.30885162204504, 2.311695449054241, 2.25947268307209, 1.791208177804947, 1.703999262303114], "val_acc": [0.109, 0.107, 0.177, 0.313, 0.354]}, "phase2": {"train_loss": [1.6495373984600634, 1.539920194943746, 1.532094484643091, 1.7259861364364624, 1.7787211227416992], "train_acc": [], "val_loss": [1.5648847855627537, 1.5628162883222103, 1.6447236947715282, 1.6441635079681873, 1.8025895580649376], "val_acc": [0.417, 0.421, 0.408, 0.397, 0.353]}}