{"phase1": {"train_loss": [0.6920692806553309, 0.29942840274874194, 0.21174363480513073, 0.18256585302341516, 0.17692232996545684, 0.15737243656330047, 0.12709739431442255, 0.11872656775674054, 0.15103744987730577, 0.08750592086280275], "train_acc": [], "val_loss": [0.2813338098821987, 0.13684418344928417, 0.19910357166372705, 0.15818644742830656, 0.16573553591115342, 0.07023358353035292, 0.14004795360960998, 0.08329243192929425, 0.0517465561570134, 0.12773908412782475], "val_acc": [0.909, 0.957, 0.946, 0.954, 0.958, 0.975, 0.957, 0.978, 0.987, 0.966]}}