{"phase1": {"train_loss": [2.515914110183716, 2.3175313491821288, 2.3160285453796385, 2.3378558931350706, 2.3080523815155027], "train_acc": [], "val_loss": [2.2831281796097755, 2.259930409491062, 2.369742825627327, 2.321949742734432, 2.2427480183541775], "val_acc": [0.155, 0.179, 0.152, 0.13, 0.181]}, "phase2": {"train_loss": [2.2515819892287254, 2.2587833777070045, 2.237948499619961, 2.295764207839966, 2.243335597217083], "train_acc": [], "val_loss": [2.238820120692253, 2.242260120809078, 2.3651409447193146, 2.275806277990341, 2.1828247606754303], "val_acc": [0.183, 0.195, 0.174, 0.161, 0.204]}}