{"phase1": {"train_loss": [0.8814288782086342, 0.21129464803583872, 0.13198231776381375, 0.09792605273805227, 0.07899848686584574, 0.05987635886394508, 0.046455242539827184, 0.049249082851182124, 0.026804215681463316, 0.021113830074485522], "train_acc": [], "val_loss": [0.3741359398700297, 0.1633562096976675, 0.1474907387746498, 0.12285565084312111, 0.11047288597910665, 0.10380524805077584, 0.09680821002984885, 0.11566880813916214, 0.0983120045693795, 0.09983526007090404], "val_acc": [0.876, 0.954, 0.952, 0.971, 0.973, 0.973, 0.969, 0.965, 0.967, 0.973]}}