{"phase1": {"train_loss": [3.646289666493734, 2.420727427800496, 2.289926624298096, 2.187267708778381, 2.2339420159657797], "train_acc": [], "val_loss": [2.4476813962382655, 2.3268358169063443, 2.243223205689461, 2.1258461475372314, 2.193929887587024], "val_acc": [0.08770161290322581, 0.15120967741935484, 0.17237903225806453, 0.19254032258064516, 0.1774193548387097]}, "phase2": {"train_loss": [2.1524304705006734, 2.121580499410629, 2.103895911148616, 2.0856057712009974, 2.0655129773276193], "train_acc": [], "val_loss": [2.1585170761231454, 2.1594780568153626, 2.222732194008366, 2.1185734233548565, 2.097563624382019], "val_acc": [0.21774193548387097, 0.20362903225806453, 0.17842741935483872, 0.21068548387096775, 0.17943548387096775]}}