{"phase1": {"train_loss": [2.163229991912842, 1.9424087839126587, 1.846807029724121, 1.7769707822799683, 1.7184689512252809], "train_acc": [], "val_loss": [1.908713856051045, 1.821785480745377, 1.8984612841759958, 1.9889633386365828, 1.7181163180258967], "val_acc": [0.29838709677419356, 0.3346774193548387, 0.3225806451612903, 0.33568548387096775, 0.38306451612903225]}, "phase2": {"train_loss": [1.621477800030862, 1.389000150465196, 1.2486242286620601, 1.0845933537329397, 0.9096267800177297], "train_acc": [], "val_loss": [1.6727550222027687, 1.757150823070157, 1.8335689613896031, 1.8885179911890337, 2.0469543433958486], "val_acc": [0.39213709677419356, 0.3951612903225806, 0.4314516129032258, 0.38306451612903225, 0.3911290322580645]}}