{"phase1": {"train_loss": [0.7821592128276825, 0.32453466722369195, 0.24767718917131423, 0.19679673770070075, 0.17998703558743], "train_acc": [], "val_loss": [0.7409892762079835, 0.13370601703354623, 0.19747534539783373, 0.1750741904397728, 0.12174186539414222], "val_acc": [0.789, 0.952, 0.938, 0.95, 0.962]}, "phase2": {"train_loss": [0.13703161678859033, 0.09040453884517774, 0.07196084462339059, 0.04665990015928401, 0.023338406517723342], "train_acc": [], "val_loss": [0.08405373977439012, 0.09841612196760252, 0.08911848246862064, 0.10702440454406315, 0.09666811521856289], "val_acc": [0.977, 0.971, 0.978, 0.969, 0.974]}}