{"phase1": {"train_loss": [2.6073445648166307, 2.301135136021508, 2.2526283832542, 2.091625047365824, 2.0372169404029847], "train_acc": [], "val_loss": [2.324523404240608, 2.2003601267933846, 2.0933746956288815, 1.8312503211200237, 1.9529521502554417], "val_acc": [0.157, 0.202, 0.257, 0.342, 0.298]}, "phase2": {"train_loss": [1.942734770476818, 1.8617389619350433, 1.830337643623352, 1.7788992410614377, 1.813114312433061], "train_acc": [], "val_loss": [1.9009582288563251, 1.8807714246213436, 1.8601740561425686, 1.8693567104637623, 1.8565207347273827], "val_acc": [0.3, 0.301, 0.343, 0.316, 0.328]}}