{"phase1": {"train_loss": [2.1206960074412518, 1.9473813102486428, 1.85682273209095, 1.8013780689449563, 1.730470798314751, 1.6962587577410233, 1.6797540781016533, 1.6512407073029527, 1.645058355590447, 1.6675462778411707], "train_acc": [], "val_loss": [1.9423898496935446, 1.8491170483250772, 1.7832202565285467, 1.675200516177762, 1.7086109807414394, 1.6788332077764696, 1.6595805998771422, 1.639954836137833, 1.6317148323981994, 1.67586802282641], "val_acc": [0.27318548387096775, 0.33064516129032256, 0.3397177419354839, 0.3870967741935484, 0.4022177419354839, 0.40423387096774194, 0.40625, 0.43850806451612906, 0.43850806451612906, 0.4163306451612903]}}