{"phase1": {"train_loss": [1.3389459125020287, 0.45396181046962736, 0.31795405223965645, 0.2522510557012124, 0.2008122750303962], "train_acc": [], "val_loss": [0.47247272077947855, 0.2786835327860899, 0.2124109553406015, 0.1465531876310706, 0.1367406544059122], "val_acc": [0.841, 0.917, 0.935, 0.957, 0.955]}, "phase2": {"train_loss": [0.1840438408420441, 0.10030385713152429, 0.06475473364735855, 0.05040447313853718, 0.03265765621425941], "train_acc": [], "val_loss": [0.11600205354625359, 0.11102055059745908, 0.10985548690950964, 0.1181715210841503, 0.10523142784677475], "val_acc": [0.961, 0.969, 0.967, 0.967, 0.973]}}