{"phase1": {"train_loss": [2.687879796951048, 2.3495075404644012, 2.3820650600251696, 2.309567982173828, 2.370375210458452], "train_acc": [], "val_loss": [2.323141505641322, 2.3192380243732083, 2.3273598686341317, 2.2298541376667638, 2.2773269684084], "val_acc": [0.10786290322580645, 0.14516129032258066, 0.1844758064516129, 0.15725806451612903, 0.16129032258064516]}, "phase2": {"train_loss": [2.1453213448165567, 2.1185144662857054, 2.0802377181447995, 2.088109055995941, 2.119461750984192], "train_acc": [], "val_loss": [2.1595789155652447, 2.0909006557156964, 2.081571994289275, 2.0492821431929067, 2.0916928514357536], "val_acc": [0.16532258064516128, 0.19959677419354838, 0.23286290322580644, 0.2056451612903226, 0.2086693548387097]}}