{"phase1": {"train_loss": [2.1491431827545164, 1.9780497789382934, 1.873707872390747, 1.8088608322143556, 1.742704393386841], "train_acc": [], "val_loss": [2.021831927760955, 1.939515398394677, 1.7958895198760494, 1.778041543499116, 1.7135553013893865], "val_acc": [0.29435483870967744, 0.3024193548387097, 0.37298387096774194, 0.35786290322580644, 0.375]}, "phase2": {"train_loss": [1.6774105602695095, 1.5652569147848314, 1.4992829945779615, 1.4194654572394587, 1.3630013004426034], "train_acc": [], "val_loss": [1.6822043580393637, 1.6955825244226763, 1.687822288082492, 1.744695286596975, 1.720966012247147], "val_acc": [0.37600806451612906, 0.3538306451612903, 0.3790322580645161, 0.38205645161290325, 0.3860887096774194]}}