{"phase1": {"train_loss": [0.4420091013113658, 0.19391293885807195, 0.08796129189431667, 0.05058287580808004, 0.034104791625092425], "val_loss": [0.8825023571650187, 1.1980887651443481, 1.5104942917823792, 1.769837737083435, 1.9692535400390625], "val_acc": [0.5208333333333334, 0.5208333333333334, 0.5208333333333334, 0.5208333333333334, 0.5208333333333334]}, "phase2": {"train_loss": [1.1631150609917111, 0.6211077372233073, 0.4610450648599201, 0.26137205792797935, 0.16497318736381], "val_loss": [0.6502243280410767, 0.5611633658409119, 0.3629421244064967, 0.22702916214863458, 0.18416376411914825], "val_acc": [0.5208333333333334, 0.8697916666666666, 0.890625, 0.953125, 0.9583333333333334]}}