{"phase1": {"train_loss": [2.22326703560658, 2.0648125267028807, 2.0110784577959366, 2.087068543411218, 2.3307274130101385], "train_acc": [], "val_loss": [1.9955872989469958, 1.9146787120449928, 2.769212818914844, 2.0971502411750054, 2.0911294183423443], "val_acc": [0.2399193548387097, 0.28931451612903225, 0.31048387096774194, 0.2772177419354839, 0.22983870967741934]}, "phase2": {"train_loss": [1.9145938677665515, 1.773495500087738, 1.724142934529836, 1.7897149525009668, 1.957082029718619], "train_acc": [], "val_loss": [1.810381124096532, 1.7769868912235383, 1.8121413800024218, 1.8764457471909062, 1.8236745442113569], "val_acc": [0.34375, 0.36088709677419356, 0.36088709677419356, 0.3548387096774194, 0.3538306451612903]}}