{"phase1": {"train_loss": [2.544986686398906, 2.2300339334754535, 2.2032121137906144, 2.1880437238242036, 2.141701458602823], "train_acc": [], "val_loss": [2.276942249267332, 2.196939483765633, 2.143829518748868, 2.1521333109947944, 2.2126758521603], "val_acc": [0.1219758064516129, 0.1844758064516129, 0.17137096774193547, 0.1663306451612903, 0.18951612903225806]}, "phase2": {"train_loss": [2.157637328870835, 2.0938973407591543, 2.1071741446372, 2.0831699236746757, 2.067542945185015], "train_acc": [], "val_loss": [2.0917941293408795, 2.0870044308324016, 2.1210567528201687, 2.1316320434693368, 2.047432476474393], "val_acc": [0.20262096774193547, 0.21774193548387097, 0.19858870967741934, 0.1814516129032258, 0.20161290322580644]}}