{"phase1": {"train_loss": [2.2643620256454713, 2.047977216541767, 1.988907664162772, 2.020242737000247, 2.2647089056066565], "train_acc": [], "val_loss": [1.9752971972188642, 2.0050674215439828, 2.0740231044830812, 2.0685573739390217, 2.338970999563894], "val_acc": [0.29838709677419356, 0.28125, 0.31350806451612906, 0.3094758064516129, 0.24294354838709678]}, "phase2": {"train_loss": [1.8144782345782045, 1.6696534504493077, 1.6438424860595897, 1.6654360287189485, 1.9738830333948136], "train_acc": [], "val_loss": [1.7507527874362083, 1.6526869496991556, 1.679465966839944, 1.5686468116698726, 2.0273722679384294], "val_acc": [0.37399193548387094, 0.3951612903225806, 0.39818548387096775, 0.4163306451612903, 0.30544354838709675]}}