{"phase1": {"train_loss": [2.176905437346992, 1.9877393792528626, 1.8958526127928987, 1.8181770908723183, 1.7630638726260683], "train_acc": [], "val_loss": [2.0214270045680385, 1.8859493693997782, 1.8750495603007655, 1.780264462194135, 1.7527844405943347], "val_acc": [0.2439516129032258, 0.31955645161290325, 0.3175403225806452, 0.3538306451612903, 0.3659274193548387]}, "phase2": {"train_loss": [1.7405549054560454, 1.6648659343304841, 1.60650685818299, 1.5656280724898628, 1.4956803114517876], "train_acc": [], "val_loss": [1.723362941895762, 1.7167370165548017, 1.6857540684361612, 1.6779351042162987, 1.7102588607418923], "val_acc": [0.3911290322580645, 0.35786290322580644, 0.3699596774193548, 0.3800403225806452, 0.3850806451612903]}}