{"phase1": {"train_loss": [2.1276215715067726, 1.9593111097812652, 1.8839654564857482, 1.8228781683104378, 1.7588741855961936], "train_acc": [], "val_loss": [1.9423363208770752, 1.8577094654883108, 1.7810301703791465, 1.7018702876183294, 1.6677057435435634], "val_acc": [0.2852822580645161, 0.3316532258064516, 0.3487903225806452, 0.4022177419354839, 0.4112903225806452]}, "phase2": {"train_loss": [1.7344712734222412, 1.6405905564626058, 1.527814237276713, 1.4573091586430869, 1.41645237604777], "train_acc": [], "val_loss": [1.6617414835960633, 1.6208267058095625, 1.6384911729443459, 1.6160982693395307, 1.6573906713916409], "val_acc": [0.4012096774193548, 0.4112903225806452, 0.4102822580645161, 0.4022177419354839, 0.4092741935483871]}}