{"phase1": {"train_loss": [2.4662496617862155, 2.2472460124227736, 2.203312897076041, 2.2282478383382163, 2.1958462001482646], "train_acc": [], "val_loss": [2.2634874928382134, 2.154860008147455, 2.1551446722399805, 2.10779583069586, 2.097854102811506], "val_acc": [0.16733870967741934, 0.17540322580645162, 0.21875, 0.20262096774193547, 0.18951612903225806]}, "phase2": {"train_loss": [2.1282930533091227, 2.09261617064476, 2.076826356924497, 2.066939179490252, 2.206102218972631], "train_acc": [], "val_loss": [2.079203805615825, 2.0837944822926677, 2.086545163585294, 2.0757906513829387, 2.226564795740189], "val_acc": [0.21774193548387097, 0.21471774193548387, 0.21875, 0.21068548387096775, 0.16733870967741934]}}