{"phase1": {"train_loss": [2.1872597420087425, 2.005389161904653, 1.9678788002888867, 1.993416359424591, 2.1345086970329286], "train_acc": [], "val_loss": [1.8940876953063472, 1.942535161972046, 2.52351104059527, 1.8342337146882088, 2.116649635376469], "val_acc": [0.28125, 0.3064516129032258, 0.29939516129032256, 0.3336693548387097, 0.31350806451612906]}, "phase2": {"train_loss": [1.8115803791630654, 1.6417662635445596, 1.594841652824765, 1.6431527381919953, 1.8947684571549699], "train_acc": [], "val_loss": [1.6624718481494534, 1.6310468835215415, 1.6727378676014562, 1.6890423874701224, 1.9838451147079468], "val_acc": [0.3860887096774194, 0.4012096774193548, 0.4012096774193548, 0.38205645161290325, 0.31350806451612906]}}