{"phase1": {"train_loss": [0.7322183231301341, 0.30527306871211274, 0.23795497795263082, 0.19205272469194012, 0.16491226196051278], "train_acc": [], "val_loss": [0.312721308961045, 0.1768145766982343, 0.14465873083099723, 0.18921775235503446, 0.15087270960066235], "val_acc": [0.92, 0.947, 0.96, 0.933, 0.961]}, "phase2": {"train_loss": [0.14415355760138482, 0.08061022020410746, 0.02194979361956939, 0.012978123166249134, 0.008297181339003146], "train_acc": [], "val_loss": [0.11207918181753485, 0.10501180727442261, 0.10858772713982034, 0.10840366407501278, 0.09991373828961514], "val_acc": [0.966, 0.971, 0.973, 0.972, 0.973]}}