{"phase1": {"train_loss": [1.263618194103241, 0.3821030872166157, 0.28274859231710436, 0.2261060070693493, 0.17171338032186031], "train_acc": [], "val_loss": [0.36648477986454964, 0.20052191242575645, 0.1642346054140944, 0.13687474264588673, 0.15284127800987335], "val_acc": [0.879, 0.936, 0.943, 0.957, 0.948]}, "phase2": {"train_loss": [0.18376322017866187, 0.08811596506893693, 0.04504918850034301, 0.02437479105719831, 0.01686221971613122], "train_acc": [], "val_loss": [0.12320837745210156, 0.09227636293508112, 0.0940426628512796, 0.08922282574349083, 0.0949254038350773], "val_acc": [0.961, 0.974, 0.968, 0.969, 0.966]}}