{"phase1": {"train_loss": [2.2246140010895266, 2.0561872705817223, 1.9727052007402692, 1.934453185782375, 1.8720067861201886], "train_acc": [], "val_loss": [2.131946171483686, 1.9804567367799821, 1.918627304415549, 1.8667962435753114, 1.8662630704141432], "val_acc": [0.20262096774193547, 0.28830645161290325, 0.3064516129032258, 0.3185483870967742, 0.3538306451612903]}, "phase2": {"train_loss": [1.7983339153310305, 1.7247274696826935, 1.6685354459057948, 1.634686486721039, 1.613922119498253], "train_acc": [], "val_loss": [1.7345099487612325, 1.7068025873553367, 1.6857027584506619, 1.6867769841224916, 1.7018466226516231], "val_acc": [0.3689516129032258, 0.4022177419354839, 0.3951612903225806, 0.40423387096774194, 0.3810483870967742]}}