{"phase1": {"train_loss": [2.8396744084736656, 2.4174799978733064, 2.32840507660272, 2.3500137800228096, 2.204917348430542], "train_acc": [], "val_loss": [2.345316156744957, 2.2928493320941925, 2.261508621275425, 2.310151629149914, 2.432574011385441], "val_acc": [0.125, 0.159, 0.152, 0.173, 0.106]}, "phase2": {"train_loss": [2.0253228760780173, 2.209516681234042, 2.234351180776765, 2.188638336181641, 2.203297037601471], "train_acc": [], "val_loss": [1.9762395918369293, 2.456156514585018, 2.160901129245758, 2.1741699911653996, 2.0980919376015663], "val_acc": [0.247, 0.144, 0.218, 0.224, 0.235]}}