{"phase1": {"train_loss": [2.609099245071411, 2.126837889353434, 2.0236681779225667, 1.8371166388193767, 1.8153952678044638], "train_acc": [], "val_loss": [2.211647056764172, 1.9528681693538543, 2.0089142284085675, 1.9559050413870043, 2.061915816799287], "val_acc": [0.18245967741935484, 0.26814516129032256, 0.28830645161290325, 0.3034274193548387, 0.27318548387096775]}, "phase2": {"train_loss": [1.821323847770691, 1.6064444720745086, 1.4591415890625545, 1.333498878989901, 1.2026620515755244], "train_acc": [], "val_loss": [1.9269218675551876, 1.5698166854919926, 1.5237724742581766, 1.386314119062116, 1.4178527901249547], "val_acc": [0.34173387096774194, 0.4173387096774194, 0.45161290322580644, 0.5120967741935484, 0.5050403225806451]}}