{"phase1": {"train_loss": [1.2687831139564514, 0.37380300955846907, 0.2368276002132709, 0.2108460523942374, 0.21538575847430372], "train_acc": [], "val_loss": [0.4044871414080262, 0.19714122399454936, 0.14844518876634538, 0.13954065062716836, 0.2004081578052137], "val_acc": [0.873, 0.936, 0.96, 0.962, 0.943]}, "phase2": {"train_loss": [0.2089339946396649, 0.09312060906377155, 0.057592120127014396, 0.038695416295446365, 0.06648581975669603], "train_acc": [], "val_loss": [0.14322976631956408, 0.11781142625841312, 0.11043058474024292, 0.11719822355371434, 0.21979110056417994], "val_acc": [0.957, 0.964, 0.968, 0.966, 0.938]}}