{"phase1": {"train_loss": [2.4776254793919557, 2.28153066897611, 2.214675784111023, 2.2777911337143784, 2.3194577343966984], "train_acc": [], "val_loss": [2.285616551676104, 2.264692352664086, 2.2344513862363753, 2.3988165470861618, 2.2669679657105477], "val_acc": [0.13608870967741934, 0.17036290322580644, 0.1461693548387097, 0.10685483870967742, 0.16834677419354838]}, "phase2": {"train_loss": [2.230385220569113, 2.2240491639012876, 2.193822767423547, 2.188506587691929, 2.1663969081381094], "train_acc": [], "val_loss": [2.2431851586987896, 2.1995451065801803, 2.201314495455834, 2.216665029525757, 2.2213385258951495], "val_acc": [0.16532258064516128, 0.18548387096774194, 0.15725806451612903, 0.17641129032258066, 0.16834677419354838]}}