{"phase1": {"train_loss": [0.7942546536313727, 0.3394310977508096, 0.21391666454679154, 0.2191301357357743, 0.17687161940526455], "train_acc": [], "val_loss": [0.38576140417717397, 0.182224406482419, 0.25542390206828713, 0.2133266574528534, 0.20082848824677058], "val_acc": [0.885, 0.946, 0.92, 0.934, 0.946]}, "phase2": {"train_loss": [0.18038333301979398, 0.08514210073247788, 0.06503255683411327, 0.046735783320082915, 0.07787239798049014], "train_acc": [], "val_loss": [0.14327556226635352, 0.1159410557083902, 0.09640123973440495, 0.08284157324123953, 0.1207116183177277], "val_acc": [0.963, 0.964, 0.976, 0.972, 0.959]}}