{"phase1": {"train_loss": [2.113535852768482, 1.8830196834527528, 1.7521982124218574, 1.6920215861919599, 1.6403168875437517, 1.5886731231823945, 1.5545085668563843, 1.5102109672167363, 1.460150876870522, 1.408746260863084], "train_acc": [], "val_loss": [2.062042728547127, 1.7983965796809043, 1.808686294863301, 1.9164797759825183, 1.8258010341275124, 1.733722525258218, 1.7913626124781947, 1.6236071778881935, 1.7404669369420698, 1.6134031934122885], "val_acc": [0.31149193548387094, 0.33669354838709675, 0.3467741935483871, 0.35181451612903225, 0.3639112903225806, 0.4274193548387097, 0.4112903225806452, 0.42036290322580644, 0.4102822580645161, 0.4465725806451613]}}