{"phase1": {"train_loss": [2.245263200253248, 1.3810406908392907, 0.7094842743761135, 0.5059001273697331, 0.4133372729153423], "train_acc": [], "val_loss": [1.955610677599907, 0.7981012687087059, 0.5222131689079106, 0.3509561466053128, 0.41347471019253135], "val_acc": [0.294, 0.753, 0.832, 0.898, 0.874]}, "phase2": {"train_loss": [0.24479988515377044, 0.15719774421304464, 0.1228063173252224, 0.11844046889249414, 0.1402470422727474], "train_acc": [], "val_loss": [0.16028987051686272, 0.1296192991139833, 0.12703963258536533, 0.11227640621655155, 0.14400965998356696], "val_acc": [0.953, 0.967, 0.966, 0.969, 0.965]}}