{"phase1": {"train_loss": [2.6121954816453, 2.3261708786090214, 2.255693957775454, 2.316398383617401, 2.284301545381546], "train_acc": [], "val_loss": [2.402435913681984, 2.261623576283455, 2.1832862943410873, 2.2226215079426765, 2.2057215571403503], "val_acc": [0.153, 0.172, 0.16, 0.181, 0.218]}, "phase2": {"train_loss": [2.1423819348925637, 2.0726970344781876, 2.048703559164731, 2.0582013258677043, 2.230404211375528], "train_acc": [], "val_loss": [2.028747394680977, 2.058807358145714, 2.015919480472803, 2.058625027537346, 2.1534080021083355], "val_acc": [0.277, 0.242, 0.265, 0.243, 0.243]}}