{"phase1": {"train_loss": [0.4925642146004571, 0.1816056234141191, 0.07220752015709878, 0.028196400851011275, 0.01236944786272943], "val_loss": [1.0247002144654591, 1.3874414563179016, 1.8445131381352742, 2.305926243464152, 2.792123635609945], "val_acc": [0.453125, 0.453125, 0.453125, 0.453125, 0.453125]}, "phase2": {"train_loss": [1.2413224180539448, 0.572516530752182, 0.26799907390442157, 0.1575415300783412, 0.10121194573504658], "val_loss": [0.6643609702587128, 0.4158180256684621, 0.34064792717496556, 0.1937297321856022, 0.1972747389227152], "val_acc": [0.5520833333333334, 0.8958333333333334, 0.8958333333333334, 0.9479166666666666, 0.9375]}}