{"phase1": {"train_loss": [2.3398136221445522, 2.1324320557789926, 2.145469695329666, 2.1183988757622547, 2.1049889356662064, 2.124530880114971, 2.1119902026958957, 2.0904727287781544, 2.1155858681752133, 2.1192348263202567], "train_acc": [], "val_loss": [2.1192327660899006, 2.209359957325843, 2.1353094770062353, 2.0802230834960938, 2.1483292156650173, 2.084605286198278, 2.077683437255121, 2.1437948403819913, 2.0944920970547583, 2.080583337814577], "val_acc": [0.18951612903225806, 0.17641129032258066, 0.17338709677419356, 0.20161290322580644, 0.20161290322580644, 0.20362903225806453, 0.2006048387096774, 0.18044354838709678, 0.1774193548387097, 0.21471774193548387]}}