{"phase1": {"train_loss": [2.0852773029070635, 1.8910155122199754, 1.818627490401268, 1.7798332847687641, 1.7472772222054775, 1.7408706962298124, 1.7706126797084625, 1.8305223831185349, 1.929150843820652, 2.2691001181556683], "train_acc": [], "val_loss": [1.8090463799815024, 1.7970180280746952, 1.8046598395993632, 1.6888684611166678, 1.6233422910013506, 1.8278872889857138, 1.734927688875506, 1.622220200877036, 1.9682581463167745, 1.9865539189307921], "val_acc": [0.35181451612903225, 0.3497983870967742, 0.3548387096774194, 0.3780241935483871, 0.4163306451612903, 0.3699596774193548, 0.3901209677419355, 0.40625, 0.3699596774193548, 0.2913306451612903]}}