{"phase1": {"train_loss": [2.292755275964737, 2.1248648166656494, 1.324194155357502, 0.8215827963181904, 0.6327737116565307], "train_acc": [], "val_loss": [2.2562466487288475, 1.719327013939619, 0.782365120947361, 0.6044789245352149, 0.5017879940569401], "val_acc": [0.185, 0.471, 0.743, 0.798, 0.857]}, "phase2": {"train_loss": [0.3006166811530472, 0.1799648739811447, 0.12936834872598105, 0.11488607793891181, 0.1299122392652201], "train_acc": [], "val_loss": [0.21546136518009007, 0.16966798866633326, 0.15544119488913566, 0.12494789934135042, 0.14111310098087415], "val_acc": [0.937, 0.943, 0.947, 0.967, 0.953]}}