{"phase1": {"train_loss": [1.6237566870979117, 0.561359175145626, 0.38460238983459544, 0.264543337014428, 0.25477528975292707], "train_acc": [], "val_loss": [0.5821867426857352, 0.2671221698401496, 0.1830355246202089, 0.11957523127784953, 0.14583915896946564], "val_acc": [0.799, 0.918, 0.93, 0.956, 0.952]}, "phase2": {"train_loss": [0.16553512385374383, 0.09783485405147076, 0.08203637542442954, 0.07509076572998101, 0.1207570663421129], "train_acc": [], "val_loss": [0.08690395492885727, 0.08073665320989676, 0.11621585146349389, 0.09736657969187945, 0.11757443103124388], "val_acc": [0.971, 0.972, 0.961, 0.969, 0.957]}}