{"phase1": {"train_loss": [2.151145050355366, 1.9713284532229105, 1.9320729617345132, 1.9610467348098755, 2.124946856657664], "train_acc": [], "val_loss": [1.8093792084724671, 2.0265499122681154, 1.7672354636653778, 1.8099029102633077, 1.8563540597115793], "val_acc": [0.31955645161290325, 0.3235887096774194, 0.3497983870967742, 0.3326612903225806, 0.3407258064516129]}, "phase2": {"train_loss": [1.843858830134074, 1.6784163773059846, 1.6388285160064697, 1.669294262804636, 1.825764778148697], "train_acc": [], "val_loss": [1.7895547920657742, 1.7327980841359785, 1.7398401729522213, 1.822264629025613, 1.8511817147654872], "val_acc": [0.34274193548387094, 0.3689516129032258, 0.39213709677419356, 0.36189516129032256, 0.3074596774193548]}}