{"phase1": {"train_loss": [2.296723175048828, 2.2675100644429524, 2.1871508916219073, 2.141723855336507, 2.090969689687093], "train_acc": [], "val_loss": [2.2968954578522713, 2.242236421954247, 2.154922923734111, 2.119452222701042, 2.11516353776378], "val_acc": [0.12701612903225806, 0.16129032258064516, 0.2006048387096774, 0.2247983870967742, 0.22278225806451613]}, "phase2": {"train_loss": [1.97919220328331, 1.7850529091698784, 1.6699905710560934, 1.6079301697867256, 1.5413137759481157], "train_acc": [], "val_loss": [1.9018651977662118, 1.7763538475959533, 1.6600315647740518, 1.6626190677765877, 1.6367072905263593], "val_acc": [0.3064516129032258, 0.3588709677419355, 0.40524193548387094, 0.39919354838709675, 0.4122983870967742]}}