{"phase1": {"train_loss": [0.9572675209196787, 0.46145478819962593, 0.4401148947412675, 0.5796843011177586, 0.6646548457426984], "train_acc": [], "val_loss": [0.8550841079559177, 0.4348003444902133, 0.3695621157530695, 0.2704989885678515, 0.2514430715236813], "val_acc": [0.781, 0.891, 0.898, 0.919, 0.925]}, "phase2": {"train_loss": [0.1580024056552731, 0.08664874877237404, 0.08615624259780102, 0.12780054964544252, 0.36885654184781014], "train_acc": [], "val_loss": [0.10881544605945237, 0.10940015258529456, 0.09983245562762022, 0.1454479872918455, 0.24323022365570068], "val_acc": [0.968, 0.97, 0.973, 0.963, 0.943]}}