{"phase1": {"train_loss": [2.1603293571997124, 1.9440479891640798, 1.9068768439085588, 1.9729504912989246, 2.1748450477168246], "train_acc": [], "val_loss": [1.9204970905857701, 1.8174661551752398, 1.8030490721425703, 1.8707893663837063, 2.0560206059486634], "val_acc": [0.3125, 0.34173387096774194, 0.33568548387096775, 0.3326612903225806, 0.26411290322580644]}, "phase2": {"train_loss": [1.8321648628815361, 1.668412842353185, 1.624442369509966, 1.6541576266288758, 1.900485962152481], "train_acc": [], "val_loss": [1.78107363177884, 1.7055676637157318, 1.7833507599369172, 1.714732946888093, 1.8186964719526229], "val_acc": [0.3387096774193548, 0.37701612903225806, 0.3598790322580645, 0.3810483870967742, 0.3548387096774194]}}