{"phase1": {"train_loss": [2.3008847534656525, 2.20131453871727, 1.9045247733592987, 1.1725152507424355, 0.8146843761205673], "train_acc": [], "val_loss": [2.2723261043429375, 2.0708397403359413, 1.366100486367941, 0.7392754061147571, 0.602213844191283], "val_acc": [0.109, 0.377, 0.628, 0.737, 0.79]}, "phase2": {"train_loss": [0.3791766311471344, 0.2005874532545712, 0.13362489138723266, 0.10521163652710458, 0.08388823330243851], "train_acc": [], "val_loss": [0.23694714601151645, 0.16338002867996693, 0.12277301191352308, 0.1127090094378218, 0.10471811387105845], "val_acc": [0.93, 0.95, 0.962, 0.962, 0.97]}}