{"phase1": {"train_loss": [1.9321413773756762, 1.6125032022977486, 1.4499815213374603, 1.324871158752686, 1.1942681895616727, 1.0344808586896994, 0.9194222872073834, 0.8200598804232402, 0.6579320892118491, 0.5760810668460834], "train_acc": [], "val_loss": [1.7678919223047072, 1.637734466983426, 1.4622061867867746, 1.3972327093924246, 1.517863069811175, 1.4729748560536293, 1.523254552195149, 1.490706734118923, 1.719465901774745, 1.8864738210555045], "val_acc": [0.35786290322580644, 0.40524193548387094, 0.4778225806451613, 0.5090725806451613, 0.4737903225806452, 0.48689516129032256, 0.501008064516129, 0.5191532258064516, 0.5050403225806451, 0.4939516129032258]}}