{"phase1": {"train_loss": [3.603903651237488, 2.4473353028297424, 2.3656051605939865, 2.4142867624759674, 2.3865547627210617], "train_acc": [], "val_loss": [2.5321331322193146, 2.391392797231674, 2.3940600007772446, 2.384130723774433, 2.438479423522949], "val_acc": [0.15, 0.111, 0.094, 0.094, 0.105]}, "phase2": {"train_loss": [2.339984256325039, 2.307868965128635, 2.2273074109503566, 1.956849496415321, 1.888541598692008], "train_acc": [], "val_loss": [2.3004071339964867, 2.2838255390524864, 2.0223443396389484, 1.8318129852414131, 1.88441988453269], "val_acc": [0.136, 0.136, 0.172, 0.285, 0.31]}}