{"phase1": {"train_loss": [2.4484261054142267, 2.2127429770815903, 1.8538930864091132, 1.680847907521922, 1.5915555460437847, 1.532212823819203, 1.4981495806366016, 1.7368480270835245, 1.7107295693865248, 1.564425427442903], "train_acc": [], "val_loss": [2.2341615706682205, 1.8972505778074265, 2.0549970865249634, 1.556631200015545, 1.5799946784973145, 1.5605219081044197, 1.6105354204773903, 1.7381542101502419, 1.5813485234975815, 1.5419077016413212], "val_acc": [0.154, 0.273, 0.259, 0.405, 0.423, 0.444, 0.412, 0.386, 0.419, 0.463]}}