{"phase1": {"train_loss": [3.2020669619242352, 2.3524894595146177, 2.315997064113617, 2.3774266155754646, 2.5850289801517166], "train_acc": [], "val_loss": [2.3149249938226517, 2.439020187624039, 2.2532374474310104, 2.177488430853813, 2.352532902071553], "val_acc": [0.15120967741935484, 0.1532258064516129, 0.17540322580645162, 0.19153225806451613, 0.1381048387096774]}, "phase2": {"train_loss": [2.1622157531125206, 2.1271093712912665, 2.1625726414939104, 2.1480091778437296, 2.1773763160705566], "train_acc": [], "val_loss": [2.1563388955208564, 2.1777249305478987, 2.1067570255648707, 2.129826130405549, 2.177004256556111], "val_acc": [0.19153225806451613, 0.1875, 0.1975806451612903, 0.19959677419354838, 0.19858870967741934]}}