{"phase1": {"train_loss": [0.9099584892392159, 0.20800935293875594, 0.13280255422461779, 0.10854131482508883, 0.08067152974851496, 0.06976184258845593, 0.08310513744489538, 0.07095862591270705, 0.08848993273024033, 0.09529491249592227], "train_acc": [], "val_loss": [0.2276314336922951, 0.20373366988496855, 0.10545732721220702, 0.10403989581391215, 0.10026994731379091, 0.08736610757478047, 0.14280118780880002, 0.09564801029955561, 0.17851619288921938, 0.10431852493729821], "val_acc": [0.922, 0.936, 0.967, 0.964, 0.963, 0.968, 0.955, 0.968, 0.953, 0.963]}}