{"phase1": {"train_loss": [0.2830507655938466, 0.1241520019248128, 0.060033706859463735, 0.03153406628266429, 0.020725802927644865], "val_loss": [1.0340060591697693, 1.35553244749705, 1.7831856211026509, 2.2121043602625527, 2.6389927864074707], "val_acc": [0.5, 0.5, 0.5, 0.5, 0.5]}, "phase2": {"train_loss": [1.2932883666621313, 0.3307866705581546, 0.12265859664447847, 0.08701357174664735, 0.05024345495738089], "val_loss": [0.6154254774252573, 0.19547991454601288, 0.19907131418585777, 0.17802604070554176, 0.17790503179033598], "val_acc": [0.5833333333333334, 0.9427083333333334, 0.9375, 0.9322916666666666, 0.9427083333333334]}}