{"phase1": {"train_loss": [0.26081139381442753, 0.03715566579355962, 0.018445372878712542, 0.016923327303181093, 0.015886993650346994], "val_loss": [1.4009828766187031, 2.425988475481669, 2.742311120033264, 2.725022792816162, 3.1454790433247886], "val_acc": [0.5052083333333334, 0.5052083333333334, 0.5052083333333334, 0.5052083333333334, 0.5052083333333334]}, "phase2": {"train_loss": [3.1384518146514893, 1.6550625413656235, 0.7623873233795166, 0.6094162352383137, 0.4973627645522356], "val_loss": [2.345430850982666, 0.7715780933698019, 0.665226807196935, 0.6036475400129954, 0.3879229426383972], "val_acc": [0.5052083333333334, 0.5052083333333334, 0.5104166666666666, 0.7239583333333334, 0.8541666666666666]}}