{"phase1": {"train_loss": [2.2221903021519003, 2.064488322734833, 1.977568707393326, 1.8961477835591023, 1.8305850431609612], "train_acc": [], "val_loss": [2.1084386956307197, 1.993957361867351, 1.9194643805103917, 1.833869861018273, 1.848464927365703], "val_acc": [0.23387096774193547, 0.27923387096774194, 0.3024193548387097, 0.3326612903225806, 0.3245967741935484]}, "phase2": {"train_loss": [1.715615573601845, 1.6354175901412964, 1.5853539973724888, 1.5533597778815489, 1.534214412077115], "train_acc": [], "val_loss": [1.713850805836339, 1.6957622381948656, 1.658060246898282, 1.7045413409509966, 1.6580388853626866], "val_acc": [0.38205645161290325, 0.3810483870967742, 0.39919354838709675, 0.39213709677419356, 0.4112903225806452]}}