{"phase1": {"train_loss": [2.1539552978106906, 1.9058053425380161, 1.8131812019007547, 1.7133363553455898, 1.6733015298843383], "train_acc": [], "val_loss": [1.856414391148475, 1.9130900098431496, 1.7819308234799294, 1.6676273961221018, 1.585447749783916], "val_acc": [0.32560483870967744, 0.3245967741935484, 0.3377016129032258, 0.3971774193548387, 0.4264112903225806]}, "phase2": {"train_loss": [1.5828126907348632, 1.3266676346460977, 1.0130802273750306, 0.8167416413625082, 0.7176074147224426], "train_acc": [], "val_loss": [1.6314750563713811, 1.5388508304472892, 1.6933491037737938, 1.9398599901506979, 2.1593420044068368], "val_acc": [0.40725806451612906, 0.4425403225806452, 0.39919354838709675, 0.3790322580645161, 0.39213709677419356]}}