{"phase1": {"train_loss": [2.702872355779012, 2.3896772369505865, 2.3993728539300343, 2.355639253343855, 2.2710114585028753], "train_acc": [], "val_loss": [2.3000903874635696, 2.5227372720837593, 2.366724207997322, 2.335902638733387, 2.281912140548229], "val_acc": [0.1, 0.096, 0.088, 0.132, 0.137]}, "phase2": {"train_loss": [2.2719165264291967, 2.136242872857033, 2.09516496988053, 2.0912724847489215, 2.089598830710066], "train_acc": [], "val_loss": [2.1828310154378414, 2.2317775040864944, 2.04590205848217, 2.0483355931937695, 1.9856501556932926], "val_acc": [0.192, 0.142, 0.252, 0.25, 0.284]}}