{"phase1": {"train_loss": [2.12726157445174, 1.9291242521542769, 1.8270492889942267, 1.7674568578218803, 1.7177214966370509, 1.6594092211662195, 1.6292659625028953, 1.5876927307018867, 1.5566406196508653, 1.5351700935608301], "train_acc": [], "val_loss": [1.976279866310858, 1.892561339562939, 1.9200403498065086, 1.7493994889720794, 1.7545949528294225, 1.7175318810247606, 1.6899020979481358, 1.7361500301668722, 1.6414122389208885, 1.6703442296674174], "val_acc": [0.28125, 0.3155241935483871, 0.3397177419354839, 0.3709677419354839, 0.37600806451612906, 0.3780241935483871, 0.4002016129032258, 0.3850806451612903, 0.42439516129032256, 0.4002016129032258]}}