{"phase1": {"train_loss": [2.0873174565903683, 0.8535314251979192, 0.5283896608065956, 0.4288810521513224, 0.3563372840574011], "train_acc": [], "val_loss": [1.0580651797354221, 0.6702708622906357, 0.4482763409614563, 0.3789725583046675, 0.26843350555282086], "val_acc": [0.69, 0.782, 0.855, 0.887, 0.929]}, "phase2": {"train_loss": [0.1936267134479501, 0.12275426640408113, 0.09440618404627753, 0.08724688669751966, 0.11820950915986866], "train_acc": [], "val_loss": [0.13940340519184247, 0.12643029386526905, 0.14338698470237432, 0.14368371441378258, 0.23939869093010202], "val_acc": [0.957, 0.958, 0.951, 0.965, 0.925]}}