{"phase1": {"train_loss": [1.1552662384425494, 0.35525501109659674, 0.23659570449923917, 0.1952772347194453, 0.20788745767262298], "train_acc": [], "val_loss": [0.36234826780855656, 0.19632022554287687, 0.18451219897542614, 0.11241311088815564, 0.16608828844368873], "val_acc": [0.88, 0.943, 0.949, 0.968, 0.956]}, "phase2": {"train_loss": [0.16837411327287555, 0.0715129529882688, 0.030619818912614224, 0.015069236133491532, 0.009348549975650636], "train_acc": [], "val_loss": [0.0976820649302681, 0.09352580603081151, 0.08949763716827874, 0.0928642546973606, 0.16066859911484244], "val_acc": [0.973, 0.972, 0.97, 0.972, 0.958]}}