{"phase1": {"train_loss": [2.1468291643562667, 1.9546632775238582, 1.860435637442962, 1.793547453339567, 1.7801420736680922], "train_acc": [], "val_loss": [2.0840272095895584, 1.9072249435609387, 1.7810592689821798, 1.7952312961701424, 1.797829270362854], "val_acc": [0.23387096774193547, 0.28931451612903225, 0.3548387096774194, 0.3387096774193548, 0.36189516129032256]}, "phase2": {"train_loss": [1.6849111163097878, 1.5973104417324067, 1.5494402387203314, 1.5178312163352967, 1.53157452583313], "train_acc": [], "val_loss": [1.6893395531562068, 1.6478023567507345, 1.6569658210200648, 1.6569276625110256, 1.7917879243050852], "val_acc": [0.3901209677419355, 0.4002016129032258, 0.40725806451612906, 0.40423387096774194, 0.40826612903225806]}}