{"phase1": {"train_loss": [2.525672661055119, 2.3436520448752813, 2.260715683517249, 2.310502051487821, 2.2273849369526726], "train_acc": [], "val_loss": [2.2932122522784817, 2.291559430860704, 2.205719017213391, 2.2439362387503348, 2.1459552395728325], "val_acc": [0.16330645161290322, 0.15625, 0.1875, 0.16129032258064516, 0.2006048387096774]}, "phase2": {"train_loss": [2.1261529507844346, 2.0972751557826994, 2.101463054999327, 2.1035592346191407, 2.179530107975006], "train_acc": [], "val_loss": [2.0715144949574626, 2.056341848065776, 2.055249971728171, 2.0887090659910634, 2.1493825412565664], "val_acc": [0.21169354838709678, 0.22278225806451613, 0.2399193548387097, 0.2217741935483871, 0.17036290322580644]}}