{"phase1": {"train_loss": [2.596179221538787, 2.3334818165353, 2.3755649657959634, 2.3337377588799657, 2.28477462301863], "train_acc": [], "val_loss": [2.431356765329838, 2.279906041920185, 2.3272449001669884, 2.319328650832176, 2.293612200766802], "val_acc": [0.148, 0.177, 0.099, 0.103, 0.163]}, "phase2": {"train_loss": [2.1998283541391768, 2.14500882133605, 2.030695531103346, 1.9623848653974987, 1.810186164719718], "train_acc": [], "val_loss": [2.16000447422266, 2.0793895833194256, 1.9307784773409367, 1.8395434133708477, 1.800522569566965], "val_acc": [0.217, 0.236, 0.241, 0.296, 0.319]}}