{"phase1": {"train_loss": [0.439105994145202, 0.17294727752851263, 0.1606334617456338, 0.13621706774778616, 0.08545941975157542, 0.0756881497221981, 0.06029217936703639, 0.062300004853991564, 0.04629619434172996, 0.10174449410283594], "train_acc": [], "val_loss": [0.25742375358822756, 0.10055439731149818, 0.24105327890720218, 0.07250739334267564, 0.1353816772752907, 0.14010323377260647, 0.04232171384865069, 0.08596899725671392, 0.05814789151554578, 0.04480921741560451], "val_acc": [0.912, 0.969, 0.922, 0.974, 0.954, 0.96, 0.988, 0.973, 0.981, 0.987]}}