{"phase1": {"train_loss": [0.40526852011680603, 0.3126349151134491, 0.25139473875363666, 0.23573318123817444, 0.1922507087389628], "val_loss": [0.8084188004334768, 0.8467717468738556, 0.8906660676002502, 0.9484393099943796, 1.0212832788626354], "val_acc": [0.5208333333333334, 0.5208333333333334, 0.5208333333333334, 0.5208333333333334, 0.5208333333333334]}, "phase2": {"train_loss": [0.9394662422793252, 0.5583990876163755, 0.22559758089482784, 0.11558656161651015, 0.06992542005277105], "val_loss": [0.7436344722906748, 0.314670870701472, 0.2173603263994058, 0.1535688517615199, 0.1470048235108455], "val_acc": [0.5208333333333334, 0.9375, 0.921875, 0.9583333333333334, 0.953125]}}