{"phase1": {"train_loss": [2.283768153959705, 2.150779431866061, 2.06563796535615, 2.0034986772844867, 1.9435784586014286], "train_acc": [], "val_loss": [2.234811567491101, 2.1048465044267717, 2.0720559781597507, 2.022937286284662, 1.998500116409794], "val_acc": [0.17137096774193547, 0.21169354838709678, 0.22782258064516128, 0.2540322580645161, 0.26713709677419356]}, "phase2": {"train_loss": [1.91565167427063, 1.7934770078659057, 1.6944709014892578, 1.6134617338180541, 1.5316338758468628], "train_acc": [], "val_loss": [1.809548935582561, 1.7178969690876622, 1.6776458601797781, 1.6411791962961997, 1.584165273174163], "val_acc": [0.33669354838709675, 0.37298387096774194, 0.38911290322580644, 0.3911290322580645, 0.43044354838709675]}}