{"phase1": {"train_loss": [2.5742584964897057, 2.365342197538931, 2.418122194990327, 2.3617581174343445, 2.3060297392591647], "train_acc": [], "val_loss": [2.3180464655160904, 2.379476934671402, 2.434359662234783, 2.2813836187124252, 2.133810631930828], "val_acc": [0.115, 0.11, 0.103, 0.119, 0.186]}, "phase2": {"train_loss": [2.3180673212944707, 2.284223831152614, 2.1741748972784114, 1.9956095942968055, 1.8874204173872742], "train_acc": [], "val_loss": [2.263181857764721, 2.184198774397373, 2.048603493720293, 2.106431692838669, 1.8159885220229626], "val_acc": [0.183, 0.183, 0.242, 0.291, 0.323]}}