{"phase1": {"train_loss": [2.0849481247938595, 1.8395785736234, 1.7016524070501327, 1.5960452420070832, 1.5437096624773265, 1.4761789773519223, 1.436566804893888, 1.3842584634686375, 1.3497234446232487, 1.3704179647017498], "train_acc": [], "val_loss": [1.9367042779922485, 1.8162028520337996, 1.7051911738611036, 1.6021244987364738, 1.6343565256364885, 1.5761312246322632, 1.5312890852651289, 1.5591321799062914, 1.5546057954911263, 1.6108079533423147], "val_acc": [0.2620967741935484, 0.34375, 0.3639112903225806, 0.40725806451612906, 0.40524193548387094, 0.4183467741935484, 0.46673387096774194, 0.4566532258064516, 0.4566532258064516, 0.43044354838709675]}}