{"phase1": {"train_loss": [0.2812160957190726, 0.10743775632646349, 0.04529868335359626, 0.025704490020871162, 0.019538166881021526], "val_loss": [1.0192486842473347, 1.3853939572970073, 1.7780195673306782, 2.057155172030131, 2.2477042078971863], "val_acc": [0.5416666666666666, 0.5416666666666666, 0.5416666666666666, 0.5416666666666666, 0.5416666666666666]}, "phase2": {"train_loss": [1.845102032025655, 0.7451491306225458, 0.5583524405956268, 0.37510282297929126, 0.24859811241428056], "val_loss": [0.7817765971024832, 0.6402005155881246, 0.4791309783856074, 0.3923413356145223, 0.27057647456725437], "val_acc": [0.5416666666666666, 0.609375, 0.90625, 0.8802083333333334, 0.9427083333333334]}}