{"phase1": {"train_loss": [1.2101680991497445, 0.3829817495024796, 0.2577845329643353, 0.19993861546700306, 0.16893659555188095], "train_acc": [], "val_loss": [0.3563932676333934, 0.24265741326962598, 0.16791994227969553, 0.14893114885489922, 0.14015269223818905], "val_acc": [0.901, 0.929, 0.952, 0.954, 0.96]}, "phase2": {"train_loss": [0.18372956605162472, 0.09917108598165214, 0.056151841359678656, 0.0425478465622291, 0.023777580878231674], "train_acc": [], "val_loss": [0.12341200531227514, 0.11429066115670139, 0.14539095424697734, 0.1350204553673393, 0.1177582824784622], "val_acc": [0.964, 0.963, 0.962, 0.962, 0.965]}}