{"phase1": {"train_loss": [0.6859821081161499, 0.4657915035883586, 0.28024647136529285, 0.16090670228004456, 0.09923964490493138], "val_loss": [0.7096105515956879, 0.7670318981011709, 0.8940118153889974, 1.0636230806509654, 1.1912459929784138], "val_acc": [0.5572916666666666, 0.578125, 0.578125, 0.578125, 0.578125]}, "phase2": {"train_loss": [0.9141695833206177, 0.6391976928710937, 0.41700145959854124, 0.15981929004192352, 0.08510517179965973], "val_loss": [0.6786136428515116, 0.5839866101741791, 0.33248768250147503, 0.25563741972049076, 0.24556917945543924], "val_acc": [0.6041666666666666, 0.75, 0.875, 0.9166666666666666, 0.921875]}}