{"phase1": {"train_loss": [2.122498242344175, 1.9256161365244124, 1.824624412140604, 1.7801610536575316, 1.7547229348023732], "train_acc": [], "val_loss": [1.9772182126199045, 1.8581342543325117, 1.7616377838196293, 1.679467047414472, 1.714908815199329], "val_acc": [0.3014112903225806, 0.34274193548387094, 0.3790322580645161, 0.40725806451612906, 0.38810483870967744]}, "phase2": {"train_loss": [1.671623698870341, 1.5553879201412202, 1.4697535863289466, 1.396995606945782, 1.402135027101241], "train_acc": [], "val_loss": [1.6731849562737249, 1.6380645190515826, 1.6436196411809614, 1.7215549945831299, 1.8437407670482513], "val_acc": [0.38810483870967744, 0.4022177419354839, 0.4102822580645161, 0.4012096774193548, 0.3649193548387097]}}