{"phase1": {"train_loss": [0.30042172571023307, 0.09375335089862347, 0.04545683714632805, 0.028284785633043544, 0.02111453172212175], "val_loss": [0.9500274856885275, 1.4741921226183574, 1.7570297122001648, 2.0193850994110107, 2.319726506868998], "val_acc": [0.59375, 0.59375, 0.59375, 0.59375, 0.59375]}, "phase2": {"train_loss": [1.3963618755340577, 0.663950964808464, 0.5474961033234229, 0.2648600506164679, 0.08883493326335068], "val_loss": [0.7036521335442861, 0.5896481176217397, 0.4261821707089742, 0.15124082813660303, 0.23250242167462906], "val_acc": [0.4270833333333333, 0.8385416666666666, 0.9270833333333334, 0.953125, 0.9322916666666666]}}