{"phase1": {"train_loss": [0.3392376783821318, 0.08863020176067948, 0.03242465913776429, 0.01845323318615556, 0.014619517886312678], "val_loss": [1.0326591432094574, 1.6315401196479797, 2.056155184904734, 2.5029375354448953, 2.9867611726125083], "val_acc": [0.5260416666666666, 0.5260416666666666, 0.5260416666666666, 0.5260416666666666, 0.5260416666666666]}, "phase2": {"train_loss": [1.3671462386846542, 0.7004590556025505, 0.6331431780542646, 0.32057790954907733, 0.16382916803669298], "val_loss": [0.7191092868645986, 0.6770277420679728, 0.4660867651303609, 0.20384658252199492, 0.22133997610459724], "val_acc": [0.4739583333333333, 0.5677083333333334, 0.8802083333333334, 0.9427083333333334, 0.9322916666666666]}}