{"phase1": {"train_loss": [2.5409538919275456, 2.314466241273013, 2.2896900231187995, 2.2332023924047295, 2.1164519277485936], "train_acc": [], "val_loss": [2.2588064447045326, 2.1065167747437954, 2.275340400636196, 2.1755647845566273, 2.0095913112163544], "val_acc": [0.095, 0.231, 0.175, 0.252, 0.3]}, "phase2": {"train_loss": [1.9203250687173072, 1.7743099724992792, 1.7003814971193354, 1.6507901384475383, 1.6100060432515246], "train_acc": [], "val_loss": [1.8354805521667004, 1.6619062274694443, 1.6846747361123562, 1.6297642588615417, 1.5586188547313213], "val_acc": [0.321, 0.42, 0.42, 0.429, 0.445]}}