{"phase1": {"train_loss": [2.262085567349973, 2.100150595108668, 2.0316177973380456, 1.983574631690979, 1.9399525833129883], "train_acc": [], "val_loss": [2.1724083500523723, 2.0354017326908727, 1.9975222925986014, 2.03465530180162, 1.893402257273274], "val_acc": [0.18850806451612903, 0.2610887096774194, 0.2620967741935484, 0.28326612903225806, 0.31048387096774194]}, "phase2": {"train_loss": [1.7934874285251723, 1.672752034664154, 1.623527269648469, 1.5862877348444306, 1.5630045344040284], "train_acc": [], "val_loss": [1.6940014093152937, 1.7147737280015023, 1.6359734304489628, 1.6585467784635481, 1.6435088995964295], "val_acc": [0.375, 0.3719758064516129, 0.3850806451612903, 0.40826612903225806, 0.4324596774193548]}}