{"phase1": {"train_loss": [1.7572974748909473, 0.8754652440547943, 0.7171298786997795, 0.49070175271481276, 0.37784277368336916], "train_acc": [], "val_loss": [1.4347006268799305, 1.0885760392993689, 0.6898077242076397, 0.5137214241549373, 0.5050389640964568], "val_acc": [0.554, 0.666, 0.788, 0.843, 0.87]}, "phase2": {"train_loss": [0.280134564754388, 0.1666318359784782, 0.12237255191529527, 0.10754007557968458, 0.08681743927977002], "train_acc": [], "val_loss": [0.12849015110987239, 0.1139129404182313, 0.16581328946631402, 0.12014262347656768, 0.1767485814052634], "val_acc": [0.955, 0.965, 0.953, 0.97, 0.947]}}