{"phase1": {"train_loss": [2.3843893543366463, 2.1254944026470186, 2.111392310032478, 2.1950684699667504, 2.309348278016929], "train_acc": [], "val_loss": [2.0699311341008833, 2.0340114678106, 1.9430453315857918, 2.1317881691840386, 2.624624313846711], "val_acc": [0.23084677419354838, 0.2530241935483871, 0.2852822580645161, 0.2399193548387097, 0.19556451612903225]}, "phase2": {"train_loss": [1.896368621826172, 1.6953911691904069, 1.6477551545415605, 1.7003981548028666, 1.9377152304033618], "train_acc": [], "val_loss": [1.8069316994759343, 1.6741525127041725, 1.7319297675163514, 1.6268013100470267, 1.7252803041088967], "val_acc": [0.3326612903225806, 0.37600806451612906, 0.39818548387096775, 0.40826612903225806, 0.3790322580645161]}}