{"phase1": {"train_loss": [2.4942354438125447, 2.2533272941907247, 2.234442991815555, 2.229257085800171, 2.2474568684101106], "train_acc": [], "val_loss": [2.16402260334261, 2.16465550468814, 2.1945373550538094, 2.154831567118245, 2.2243269566566712], "val_acc": [0.19254032258064516, 0.17943548387096775, 0.20665322580645162, 0.1532258064516129, 0.17036290322580644]}, "phase2": {"train_loss": [2.100625503447748, 2.0695736363530157, 2.075538360504877, 2.110175526285746, 2.133539765088766], "train_acc": [], "val_loss": [2.1008813073558192, 2.1300125621980235, 2.117166592228797, 2.1133478149291007, 2.198802186596778], "val_acc": [0.20967741935483872, 0.17237903225806453, 0.19455645161290322, 0.19556451612903225, 0.19455645161290322]}}