{"phase1": {"train_loss": [1.5363532133558964, 0.5177868489796916, 0.33253162210406384, 0.27792368200048806, 0.2667915856946493], "train_acc": [], "val_loss": [0.45715647004544735, 0.29028087644837797, 0.17953428669716232, 0.16637681739666732, 0.16865027276799083], "val_acc": [0.85, 0.911, 0.943, 0.952, 0.953]}, "phase2": {"train_loss": [0.13634464508366018, 0.07252153693552828, 0.0514761824193762, 0.05970370924299998, 0.10215353925614412], "train_acc": [], "val_loss": [0.09682846068426443, 0.0949822990296525, 0.1100207854033215, 0.09667096605699044, 0.10333655101203476], "val_acc": [0.974, 0.97, 0.966, 0.973, 0.969]}}