{"phase1": {"train_loss": [2.960161316779352, 2.3902333319187163, 2.341235422171079, 2.369969471391425, 2.430919212031077], "train_acc": [], "val_loss": [2.409676113436299, 2.405380102895921, 2.353135847276257, 2.241013411552675, 2.3493592662196003], "val_acc": [0.10685483870967742, 0.13608870967741934, 0.1159274193548387, 0.12399193548387097, 0.18245967741935484]}, "phase2": {"train_loss": [2.1558970575332643, 2.13644914701581, 2.135484924770537, 2.1669883423739367, 2.1862864335020027], "train_acc": [], "val_loss": [2.1037409882391653, 2.061980309024934, 2.086899930430997, 2.1592693828767344, 2.062746513274408], "val_acc": [0.20262096774193547, 0.20161290322580644, 0.20766129032258066, 0.17943548387096775, 0.22076612903225806]}}