{"phase1": {"train_loss": [2.6302333458876, 2.3530721354484556, 2.331989158200854, 2.347311300153916, 2.289654184705936], "train_acc": [], "val_loss": [2.2789611278041715, 2.3149053358262583, 2.2183046917761526, 2.229885462791689, 2.140232716837237], "val_acc": [0.17137096774193547, 0.10181451612903226, 0.18649193548387097, 0.1905241935483871, 0.21875]}, "phase2": {"train_loss": [2.1172208862426953, 2.1000033605098722, 2.085368206482807, 2.105913514128098, 2.1406596870376515], "train_acc": [], "val_loss": [2.088373088067578, 2.0712205825313443, 2.0909848905378774, 2.0928633174588605, 2.123311096622098], "val_acc": [0.21471774193548387, 0.1975806451612903, 0.2217741935483871, 0.19858870967741934, 0.18951612903225806]}}