{"phase1": {"train_loss": [0.1685570885560342, 0.03727977816015482, 0.02056696976069361, 0.01718029602696853, 0.01447414478752762], "val_loss": [1.4482743938763936, 2.11895618836085, 2.4309897422790527, 2.6006213426589966, 2.7011101245880127], "val_acc": [0.53125, 0.53125, 0.53125, 0.53125, 0.53125]}, "phase2": {"train_loss": [2.893079916636149, 1.1929617126782734, 0.6828025182088217, 0.6649410327275594, 0.6873535315195719], "val_loss": [1.436326841513316, 0.6710419754187266, 0.7407299280166626, 0.7938054700692495, 0.7813676993052164], "val_acc": [0.53125, 0.609375, 0.46875, 0.46875, 0.46875]}}