{"phase1": {"train_loss": [1.071611854206225, 0.3271186462822993, 0.23700791438388977, 0.19154793431294287, 0.15377067126760816, 0.13015202617948982, 0.10872652690863581, 0.10333894684267153, 0.0927490044242827, 0.09264383729544297], "train_acc": [], "val_loss": [0.34369336580857635, 0.23419176880270243, 0.2194550025742501, 0.21119741184520535, 0.1267411567387171, 0.18248926288652, 0.12339694605907425, 0.14622088279065792, 0.12593963537801756, 0.11691537933074869], "val_acc": [0.891, 0.929, 0.937, 0.94, 0.965, 0.947, 0.969, 0.968, 0.967, 0.972]}}