{"phase1": {"train_loss": [2.6607519926563388, 2.3050772951495264, 2.1869789842636354, 2.209551686240781, 2.17821922609883], "train_acc": [], "val_loss": [2.408076878516905, 2.124045579664169, 2.2915654682344004, 2.2036860373712357, 2.1635913964240783], "val_acc": [0.11491935483870967, 0.17540322580645162, 0.1935483870967742, 0.1844758064516129, 0.14818548387096775]}, "phase2": {"train_loss": [2.1389135942664197, 2.109665988593973, 2.0923233903864378, 2.100110548798756, 2.085078130486191], "train_acc": [], "val_loss": [2.070915545186689, 2.067636893641564, 2.0588657279168405, 2.0595800607435164, 2.078735855317885], "val_acc": [0.21068548387096775, 0.1743951612903226, 0.21774193548387097, 0.2127016129032258, 0.17641129032258066]}}