{"phase1": {"train_loss": [2.1621726277053996, 1.932465031582822, 1.8122624799769411, 1.7190251734948927, 1.6744857090775684], "train_acc": [], "val_loss": [1.9276170307590115, 2.049267895760075, 1.8695417757957213, 1.8783083923401371, 1.8839897840253768], "val_acc": [0.31350806451612906, 0.2973790322580645, 0.36693548387096775, 0.34274193548387094, 0.3649193548387097]}, "phase2": {"train_loss": [1.7125519379492729, 1.4750088530202066, 1.3172355765296566, 1.2168276088853036, 1.0139858155481276], "train_acc": [], "val_loss": [1.5762817129012077, 1.681839277667384, 1.6983339440438054, 1.8159390149577972, 1.8472075731523576], "val_acc": [0.41431451612903225, 0.42036290322580644, 0.42338709677419356, 0.41935483870967744, 0.4112903225806452]}}