{"phase1": {"train_loss": [1.8149272581887623, 0.6415232211824448, 0.4516444672194738, 0.3239834847904387, 0.27143264065186185], "train_acc": [], "val_loss": [0.732026900164783, 0.4540274830069393, 0.40387745620682836, 0.2641352030914277, 0.2321766492095776], "val_acc": [0.765, 0.86, 0.885, 0.92, 0.929]}, "phase2": {"train_loss": [0.23006343508654453, 0.1420960515499749, 0.1002964093003105, 0.07938123202109908, 0.06349531941096041], "train_acc": [], "val_loss": [0.17176595953060314, 0.13306027605722193, 0.11359864892438054, 0.11542868259130046, 0.10818218490021536], "val_acc": [0.943, 0.953, 0.966, 0.962, 0.967]}}