{"phase1": {"train_loss": [3.129240594804287, 2.352292722463608, 2.3751244859875373, 2.464582908721197, 2.4495852100635003], "train_acc": [], "val_loss": [2.3182855024933815, 2.4002360850572586, 2.3444241359829903, 2.5550672858953476, 2.35686919093132], "val_acc": [0.122, 0.083, 0.096, 0.115, 0.158]}, "phase2": {"train_loss": [2.20484543132782, 2.25382931008935, 1.9944495651959242, 1.9311141750055874, 2.0558096240127997], "train_acc": [], "val_loss": [2.3444727435708046, 2.1352964714169502, 1.8043812438845634, 1.8567745201289654, 2.016511559486389], "val_acc": [0.102, 0.232, 0.319, 0.313, 0.235]}}