{"phase1": {"train_loss": [2.4250653133392333, 2.2137329764664173, 2.2303612754458473, 2.2229631047349074, 2.2814408991787887], "train_acc": [], "val_loss": [2.171212742405553, 2.1402595158546203, 2.181391285311791, 2.154353145630129, 2.297757410234021], "val_acc": [0.15725806451612903, 0.21673387096774194, 0.1502016129032258, 0.16431451612903225, 0.16129032258064516]}, "phase2": {"train_loss": [2.1735357084581928, 2.1148730158805846, 2.09877856190388, 2.159463761800743, 2.2067918389676566], "train_acc": [], "val_loss": [2.1020327229653635, 2.0782649709332373, 2.0574210420731576, 2.1635835593746555, 2.185515049965151], "val_acc": [0.17137096774193547, 0.1622983870967742, 0.19657258064516128, 0.1774193548387097, 0.14213709677419356]}}